exporter_id,company_age,industry,country,total_invoices,avg_invoice_amount,invoice_amount_std,avg_payment_delay,total_delayed_invoices,total_defaulted_invoices,delay_rate,default_rate
EXP_001,22,Electronics,China,22,75595.32181818182,38561.98252575674,114.0909090909091,13,3,0.5909090909090909,0.13636363636363635
EXP_002,44,Agriculture,Mexico,16,83315.855625,43722.230091340636,45.8125,13,1,0.8125,0.0625
EXP_003,30,Electronics,India,21,77534.12,43500.44170127632,8.619047619047619,11,0,0.5238095238095238,0.0
EXP_004,14,Machinery,Mexico,27,80685.89814814815,37789.84860973799,48.629629629629626,19,3,0.7037037037037037,0.1111111111111111
EXP_005,31,Machinery,India,22,73327.94,46016.879408810826,67.18181818181819,15,2,0.6818181818181818,0.09090909090909091
EXP_006,43,Machinery,Vietnam,18,69407.4011111111,43385.92356793155,20.61111111111111,11,1,0.6111111111111112,0.05555555555555555
EXP_007,37,Electronics,Bangladesh,21,60269.397619047624,42649.78656475117,113.28571428571429,11,4,0.5238095238095238,0.19047619047619047
EXP_008,44,Agriculture,Turkey,18,73242.71166666667,39167.384118483256,18.0,11,1,0.6111111111111112,0.05555555555555555
EXP_009,41,Autos,Bangladesh,19,86476.20578947368,36126.45759381194,22.157894736842106,13,1,0.6842105263157895,0.05263157894736842
EXP_010,13,Agriculture,China,28,84561.71035714286,40718.94182837493,35.714285714285715,17,1,0.6071428571428571,0.03571428571428571
EXP_011,17,Machinery,India,13,73953.98,46706.88619960069,2.923076923076923,9,0,0.6923076923076923,0.0
EXP_012,44,Autos,Mexico,19,93805.58263157895,41551.23806641491,3.3157894736842106,10,0,0.5263157894736842,0.0
EXP_013,20,Machinery,Mexico,19,68264.28368421052,41031.75725604961,72.26315789473684,15,3,0.7894736842105263,0.15789473684210525
EXP_014,10,Autos,Bangladesh,24,87721.11541666667,36199.34760053832,21.25,18,1,0.75,0.041666666666666664
EXP_015,49,Textiles,China,21,79587.64476190477,41018.39978686756,47.714285714285715,12,1,0.5714285714285714,0.047619047619047616
EXP_016,38,Textiles,Vietnam,14,75969.75428571428,29889.737848690504,3.5,9,0,0.6428571428571429,0.0
EXP_017,29,Autos,Vietnam,23,83727.28130434782,39202.52215069962,66.95652173913044,14,2,0.6086956521739131,0.08695652173913043
EXP_018,13,Textiles,Vietnam,19,98713.44263157895,32330.80284301332,3.473684210526316,13,0,0.6842105263157895,0.0
EXP_019,9,Machinery,Mexico,21,69191.0580952381,38916.74400297006,91.47619047619048,14,4,0.6666666666666666,0.19047619047619047
EXP_020,34,Electronics,India,18,81424.74555555555,42172.56385221463,34.611111111111114,7,1,0.3888888888888889,0.05555555555555555
EXP_021,40,Agriculture,Turkey,21,75348.49238095239,43492.24320147478,4.238095238095238,13,1,0.6190476190476191,0.047619047619047616
EXP_022,37,Agriculture,Turkey,25,76173.30040000001,44337.50234779671,96.52,17,3,0.68,0.12
EXP_023,4,Machinery,Bangladesh,28,76527.4542857143,44292.31892173994,138.89285714285714,17,4,0.6071428571428571,0.14285714285714285
EXP_024,39,Pharmaceuticals,India,19,86675.5247368421,49547.53057365281,157.21052631578948,13,4,0.6842105263157895,0.21052631578947367
EXP_025,30,Pharmaceuticals,Turkey,22,68812.88454545454,35545.87676911691,56.04545454545455,12,1,0.5454545454545454,0.045454545454545456
EXP_026,18,Autos,Bangladesh,24,77134.95041666667,43579.01423148627,64.125,15,2,0.625,0.08333333333333333
EXP_027,18,Agriculture,Vietnam,17,88181.75764705881,36438.28418329812,60.11764705882353,8,1,0.47058823529411764,0.058823529411764705
EXP_028,30,Machinery,Bangladesh,19,97113.4847368421,46719.000958321536,83.57894736842105,11,2,0.5789473684210527,0.10526315789473684
EXP_029,40,Autos,India,12,73141.99333333333,35810.88921282396,101.25,11,1,0.9166666666666666,0.08333333333333333
EXP_030,1,Pharmaceuticals,India,20,78280.6345,47539.391836893315,52.5,12,2,0.6,0.1
EXP_031,3,Pharmaceuticals,China,19,86220.19947368422,45269.70762242495,2.473684210526316,10,0,0.5263157894736842,0.0
EXP_032,32,Pharmaceuticals,Vietnam,21,83996.66476190476,44786.16646580299,28.714285714285715,14,1,0.6666666666666666,0.047619047619047616
EXP_033,8,Pharmaceuticals,Vietnam,21,77187.87238095238,37749.6132004557,71.0,13,2,0.6190476190476191,0.09523809523809523
EXP_034,30,Agriculture,India,13,77337.41692307692,54134.3071290447,55.46153846153846,10,1,0.7692307692307693,0.07692307692307693
EXP_035,44,Pharmaceuticals,Mexico,27,92671.33777777778,40735.50672134733,49.51851851851852,15,2,0.5555555555555556,0.07407407407407407
EXP_036,13,Agriculture,India,30,84844.64666666667,35660.93326039298,99.1,17,4,0.5666666666666667,0.13333333333333333
EXP_037,48,Textiles,Vietnam,22,74472.44045454545,47796.578266122226,70.45454545454545,13,3,0.5909090909090909,0.13636363636363635
EXP_038,41,Textiles,Mexico,17,82216.15705882352,38978.85711717664,55.64705882352941,13,2,0.7647058823529411,0.11764705882352941
EXP_039,15,Autos,China,24,73252.7925,34938.236298443204,40.833333333333336,14,1,0.5833333333333334,0.041666666666666664
EXP_040,19,Textiles,Vietnam,16,96190.419375,46845.5331253861,2.375,8,0,0.5,0.0
EXP_041,18,Textiles,Bangladesh,17,83376.89941176471,47653.17895749762,119.17647058823529,12,2,0.7058823529411765,0.11764705882352941
EXP_042,20,Machinery,Turkey,20,75232.486,48268.16903362945,82.05,10,2,0.5,0.1
EXP_043,45,Machinery,Vietnam,20,88290.4335,43248.912296810944,30.0,13,3,0.65,0.15
EXP_044,42,Machinery,India,14,60435.78857142857,40571.775774124035,112.92857142857143,10,2,0.7142857142857143,0.14285714285714285
EXP_045,4,Electronics,Vietnam,18,55695.54277777778,36720.64599154618,46.94444444444444,10,1,0.5555555555555556,0.05555555555555555
EXP_046,21,Textiles,Turkey,19,70746.62789473684,41631.26392737616,103.63157894736842,11,3,0.5789473684210527,0.15789473684210525
EXP_047,42,Agriculture,Mexico,19,92901.92105263157,39478.0853788681,48.05263157894737,14,1,0.7368421052631579,0.05263157894736842
EXP_048,1,Electronics,Vietnam,22,79243.15909090909,38741.319905536926,75.72727272727273,14,2,0.6363636363636364,0.09090909090909091
EXP_049,45,Machinery,Vietnam,17,58847.77352941177,36516.14322465287,65.88235294117646,10,1,0.5882352941176471,0.058823529411764705
EXP_050,14,Agriculture,Vietnam,14,91947.20928571429,35140.32875886807,121.42857142857143,11,2,0.7857142857142857,0.14285714285714285
