invoice_id,exporter_id,importer_country,invoice_amount,invoice_date,due_date,payment_date,status
INV_0001,EXP_024,USA,106273.05,2025-07-28,2025-09-26,2025-09-29,Paid
INV_0002,EXP_032,USA,138028.18,2025-04-29,2025-05-29,2025-06-02,Paid
INV_0003,EXP_046,Germany,73426.73,2024-01-02,2024-03-02,2024-03-04,Paid
INV_0004,EXP_022,UAE,77535.36,2024-05-11,2024-07-10,2024-07-15,Paid
INV_0005,EXP_010,UK,97121.17,2023-07-22,2023-10-20,2023-10-25,Paid
INV_0006,EXP_026,France,105839.41,2024-02-18,2024-03-19,2024-03-15,Paid
INV_0007,EXP_020,Singapore,128137.89,2026-01-18,2026-02-17,2026-02-22,Paid
INV_0008,EXP_019,UAE,109299.17,2024-12-14,2025-01-28,2025-01-24,Paid
INV_0009,EXP_021,UAE,111532.03,2024-07-05,2024-08-04,2024-08-02,Paid
INV_0010,EXP_011,UAE,73745.64,2023-12-30,2024-03-29,2024-03-31,Paid
INV_0011,EXP_017,UK,92246.87,2024-11-12,2025-02-10,2025-04-04,Paid Late
INV_0012,EXP_006,Canada,94439.25,2024-08-24,2024-09-23,2024-09-26,Paid
INV_0013,EXP_006,Germany,120741.83,2025-07-29,2025-09-27,2025-09-25,Paid
INV_0014,EXP_040,USA,101138.82,2024-05-06,2024-06-05,2024-06-08,Paid
INV_0015,EXP_015,France,68629.21,2024-08-31,2024-10-15,2024-11-16,Paid Late
INV_0016,EXP_041,Germany,132064.19,2024-11-17,2024-12-17,2024-12-12,Paid
INV_0017,EXP_032,Germany,34350.19,2023-12-23,2024-02-06,2024-02-11,Paid
INV_0018,EXP_021,UK,13530.48,2023-08-16,2023-09-15,2023-09-15,Paid
INV_0019,EXP_023,Singapore,11132.4,2025-11-21,2026-01-20,2026-03-15,Paid Late
INV_0020,EXP_033,Germany,40887.3,2025-05-23,2025-06-22,2025-06-27,Paid
INV_0021,EXP_033,Germany,113745.98,2024-07-20,2024-09-18,2024-09-27,Paid Late
INV_0022,EXP_028,Germany,139592.41,2023-11-03,2024-02-01,2024-02-04,Paid
INV_0023,EXP_036,Singapore,63697.15,2024-01-10,2024-04-09,2024-04-12,Paid
INV_0024,EXP_030,USA,15641.97,2024-12-17,2025-01-31,,Overdue
INV_0025,EXP_040,USA,13302.85,2025-04-06,2025-05-21,2025-05-20,Paid
INV_0026,EXP_005,Germany,117828.85,2023-03-08,2023-04-07,2023-04-04,Paid
INV_0027,EXP_035,UAE,105965.68,2024-06-19,2024-08-03,2024-08-01,Paid
INV_0028,EXP_037,Germany,55551.39,2026-01-12,2026-04-12,2026-05-17,Paid Late
INV_0029,EXP_005,UAE,96543.39,2024-03-30,2024-06-28,2024-08-24,Paid Late
INV_0030,EXP_043,Germany,18193.73,2024-08-26,2024-11-24,2024-11-25,Paid
INV_0031,EXP_037,USA,6153.16,2025-08-18,2025-10-02,2025-10-02,Paid
INV_0032,EXP_023,UAE,106896.01,2023-08-26,2023-11-24,2023-11-27,Paid
INV_0033,EXP_022,Canada,11587.11,2025-05-11,2025-06-25,2025-06-21,Paid
INV_0034,EXP_010,USA,58930.52,2026-01-11,2026-02-25,2026-03-02,Paid
INV_0035,EXP_039,Canada,27196.97,2025-11-09,2025-12-24,2025-12-28,Paid
INV_0036,EXP_034,USA,39830.92,2025-01-15,2025-02-14,2025-04-15,Paid Late
INV_0037,EXP_002,USA,89347.62,2025-08-26,2025-11-24,2026-01-21,Paid Late
INV_0038,EXP_013,Singapore,9478.97,2023-07-10,2023-08-09,2023-08-05,Paid
INV_0039,EXP_012,Canada,43084.33,2025-09-27,2025-10-27,2025-10-29,Paid
INV_0040,EXP_045,UK,35021.36,2023-05-31,2023-06-30,2023-08-25,Paid Late
INV_0041,EXP_026,Germany,83056.38,2025-08-23,2025-11-21,2025-11-18,Paid
INV_0042,EXP_017,Canada,53485.09,2023-05-13,2023-07-12,2023-07-10,Paid
INV_0043,EXP_042,UK,35408.85,2024-01-14,2024-02-28,2024-02-27,Paid
INV_0044,EXP_012,Canada,130725.32,2026-01-09,2026-03-10,2026-04-01,Paid Late
INV_0045,EXP_009,USA,90852.39,2023-12-05,2024-01-04,2023-12-31,Paid
INV_0046,EXP_034,Singapore,137921.9,2024-12-17,2025-02-15,2025-02-17,Paid
INV_0047,EXP_038,France,79897.81,2025-12-10,2026-01-09,2026-03-10,Paid Late
INV_0048,EXP_036,UAE,128119.19,2023-04-02,2023-05-02,,Overdue
INV_0049,EXP_035,Singapore,98811.66,2025-04-12,2025-05-12,2025-05-15,Paid
INV_0050,EXP_004,France,93721.31,2025-10-03,2026-01-01,2025-12-27,Paid
INV_0051,EXP_049,USA,44789.71,2024-03-12,2024-04-26,2024-04-23,Paid
INV_0052,EXP_024,Canada,35613.65,2023-07-09,2023-08-23,2023-08-21,Paid
INV_0053,EXP_034,France,94754.56,2024-06-14,2024-09-12,2024-09-13,Paid
INV_0054,EXP_027,UK,79060.83,2024-11-23,2025-01-22,2025-03-16,Paid Late
INV_0055,EXP_039,UK,67041.64,2025-02-04,2025-05-05,2025-06-19,Paid Late
INV_0056,EXP_029,USA,8935.98,2024-03-07,2024-05-06,2024-05-08,Paid
INV_0057,EXP_037,UK,16264.06,2023-06-03,2023-07-03,2023-06-29,Paid
INV_0058,EXP_012,France,61278.82,2025-08-27,2025-09-26,2025-09-24,Paid
INV_0059,EXP_033,Singapore,134432.22,2024-09-19,2024-10-19,2024-12-08,Paid Late
INV_0060,EXP_008,USA,93379.27,2024-02-15,2024-05-15,2024-05-19,Paid
INV_0061,EXP_010,UK,131152.43,2025-03-11,2025-04-25,2025-04-24,Paid
INV_0062,EXP_004,Singapore,94340.21,2023-07-30,2023-09-28,2023-09-29,Paid
INV_0063,EXP_001,Canada,70502.38,2023-01-04,2023-04-04,2023-04-01,Paid
INV_0064,EXP_010,France,27027.22,2024-06-30,2024-08-14,2024-08-12,Paid
INV_0065,EXP_039,France,12025.02,2023-10-06,2024-01-04,2024-01-31,Paid Late
INV_0066,EXP_006,UK,116720.24,2023-08-19,2023-09-18,2023-09-18,Paid
INV_0067,EXP_014,Germany,51465.16,2024-08-15,2024-11-13,2024-11-14,Paid
INV_0068,EXP_043,Canada,131983.47,2025-09-27,2025-10-27,2025-10-25,Paid
INV_0069,EXP_019,USA,53861.91,2023-04-26,2023-06-25,2023-08-16,Paid Late
INV_0070,EXP_050,UAE,118629.5,2026-01-25,2026-03-26,2026-05-16,Paid Late
INV_0071,EXP_012,Singapore,98649.57,2024-05-12,2024-06-11,2024-06-16,Paid
INV_0072,EXP_007,UK,100729.66,2025-04-28,2025-06-12,2025-06-16,Paid
INV_0073,EXP_028,France,114926.2,2024-06-30,2024-09-28,2024-11-09,Paid Late
INV_0074,EXP_036,UAE,135679.93,2023-11-11,2023-12-26,2024-01-15,Paid Late
INV_0075,EXP_017,UK,99683.55,2026-01-24,2026-04-24,2026-04-19,Paid
INV_0076,EXP_045,Canada,7467.27,2025-05-10,2025-06-24,2025-08-03,Paid Late
INV_0077,EXP_032,UAE,38411.03,2024-10-14,2025-01-12,2025-01-13,Paid
INV_0078,EXP_032,UK,95232.74,2023-04-09,2023-07-08,2023-07-07,Paid
INV_0079,EXP_045,Germany,59643.33,2023-04-01,2023-06-30,2023-07-01,Paid
INV_0080,EXP_050,Germany,73145.81,2024-12-14,2025-01-13,2025-02-27,Paid Late
INV_0081,EXP_021,UK,106038.78,2024-03-06,2024-04-20,2024-05-25,Paid Late
INV_0082,EXP_003,Canada,96103.6,2023-07-14,2023-08-13,2023-08-12,Paid
INV_0083,EXP_048,Germany,115832.49,2023-08-15,2023-11-13,,Defaulted
INV_0084,EXP_010,Canada,143615.39,2025-09-21,2025-11-05,2025-11-20,Paid Late
INV_0085,EXP_004,USA,87920.43,2024-07-19,2024-10-17,2024-10-12,Paid
INV_0086,EXP_036,Canada,79443.15,2023-10-15,2023-11-14,2023-11-28,Paid Late
INV_0087,EXP_012,UAE,141774.29,2025-12-08,2026-01-07,2026-01-04,Paid
INV_0088,EXP_032,UK,62281.32,2023-05-11,2023-08-09,2023-09-27,Paid Late
INV_0089,EXP_005,USA,43950.39,2024-01-15,2024-02-14,2024-02-16,Paid
INV_0090,EXP_020,Canada,112093.92,2024-05-11,2024-06-10,,Overdue
INV_0091,EXP_036,Singapore,102708.44,2025-05-29,2025-06-28,2025-08-10,Paid Late
INV_0092,EXP_015,UK,13567.84,2023-09-26,2023-10-26,2023-10-23,Paid
INV_0093,EXP_016,Singapore,76233.08,2023-08-21,2023-09-20,2023-09-16,Paid
INV_0094,EXP_039,USA,106780.38,2025-01-17,2025-03-18,2025-03-21,Paid
INV_0095,EXP_042,Canada,11928.53,2023-01-21,2023-02-20,2023-04-17,Paid Late
INV_0096,EXP_038,France,56463.81,2026-01-26,2026-02-25,2026-03-02,Paid
INV_0097,EXP_037,Canada,124478.54,2023-10-11,2024-01-09,,Defaulted
INV_0098,EXP_025,UK,60483.25,2025-09-08,2025-10-23,2025-10-24,Paid
INV_0099,EXP_032,UK,142679.76,2025-02-09,2025-03-11,2025-04-05,Paid Late
INV_0100,EXP_050,UAE,32652.85,2025-12-28,2026-02-26,2026-04-13,Paid Late
INV_0101,EXP_025,USA,15055.85,2024-10-22,2025-01-20,2025-01-18,Paid
INV_0102,EXP_026,Canada,116862.54,2024-01-22,2024-04-21,2024-04-17,Paid
INV_0103,EXP_043,Canada,133211.36,2024-11-27,2024-12-27,2025-02-17,Paid Late
INV_0104,EXP_001,USA,40902.07,2024-02-25,2024-03-26,2024-03-24,Paid
INV_0105,EXP_019,Singapore,64103.9,2024-02-25,2024-05-25,2024-05-25,Paid
INV_0106,EXP_043,France,75371.23,2024-02-06,2024-05-06,2024-05-02,Paid
INV_0107,EXP_043,UAE,20635.33,2024-11-22,2025-01-06,2025-02-07,Paid Late
INV_0108,EXP_040,Singapore,147305.75,2025-09-27,2025-11-11,2025-11-07,Paid
INV_0109,EXP_012,UK,139302.03,2025-04-21,2025-07-20,2025-07-24,Paid
INV_0110,EXP_007,USA,57709.16,2024-10-02,2024-12-31,2024-12-28,Paid
INV_0111,EXP_042,France,129300.92,2024-08-26,2024-09-25,2024-09-22,Paid
INV_0112,EXP_040,UAE,42566.32,2024-06-14,2024-08-13,2024-09-19,Paid Late
INV_0113,EXP_041,UK,108787.82,2024-04-13,2024-06-12,2024-06-07,Paid
INV_0114,EXP_026,Germany,146667.83,2024-09-14,2024-10-29,2024-11-03,Paid
INV_0115,EXP_050,France,75845.05,2023-05-25,2023-07-09,2023-07-06,Paid
INV_0116,EXP_035,Canada,140484.33,2023-03-12,2023-04-26,2023-04-23,Paid
INV_0117,EXP_024,France,113062.67,2024-05-16,2024-07-15,2024-07-18,Paid
INV_0118,EXP_005,UK,120172.18,2025-02-10,2025-04-11,,Defaulted
INV_0119,EXP_041,UAE,119931.37,2024-12-15,2025-02-13,2025-04-10,Paid Late
INV_0120,EXP_037,Germany,142616.79,2026-01-31,2026-04-01,2026-04-02,Paid
INV_0121,EXP_026,Singapore,77234.59,2024-02-09,2024-04-09,2024-04-07,Paid
INV_0122,EXP_035,Germany,36835.51,2025-08-10,2025-09-24,2025-09-27,Paid
INV_0123,EXP_037,France,97684.95,2025-08-20,2025-09-19,2025-10-09,Paid Late
INV_0124,EXP_001,France,115924.27,2024-10-16,2025-01-14,2025-03-06,Paid Late
INV_0125,EXP_033,Singapore,148603.99,2024-11-02,2025-01-31,2025-01-27,Paid
INV_0126,EXP_033,UAE,60540.82,2023-12-18,2024-03-17,2024-03-15,Paid
INV_0127,EXP_039,Canada,28452.16,2023-11-12,2023-12-12,2023-12-10,Paid
INV_0128,EXP_047,Canada,113935.42,2023-11-26,2024-01-25,2024-01-27,Paid
INV_0129,EXP_043,Canada,18164.55,2023-12-31,2024-01-30,2024-03-15,Paid Late
INV_0130,EXP_033,France,115161.37,2023-12-30,2024-01-29,2024-01-28,Paid
INV_0131,EXP_011,France,81239.88,2024-05-13,2024-07-12,2024-07-15,Paid
INV_0132,EXP_010,Singapore,97044.89,2023-03-14,2023-04-28,2023-05-02,Paid
INV_0133,EXP_035,Germany,147337.85,2023-11-08,2023-12-23,2023-12-28,Paid
INV_0134,EXP_037,UAE,149809.13,2023-06-03,2023-07-18,2023-07-23,Paid
INV_0135,EXP_025,Singapore,71073.14,2023-10-05,2024-01-03,2024-01-06,Paid
INV_0136,EXP_039,France,123996.88,2024-08-03,2024-10-02,2024-09-29,Paid
INV_0137,EXP_017,USA,119306.85,2025-11-24,2026-01-23,2026-01-18,Paid
INV_0138,EXP_038,UK,122784.01,2023-07-13,2023-08-27,2023-08-30,Paid
INV_0139,EXP_004,France,110822.74,2024-11-18,2025-02-16,2025-02-20,Paid
INV_0140,EXP_038,France,14652.59,2024-11-12,2025-02-10,2025-03-30,Paid Late
INV_0141,EXP_001,UK,89190.4,2025-05-07,2025-06-21,2025-06-26,Paid
INV_0142,EXP_035,UAE,73695.44,2025-09-06,2025-12-05,2025-12-09,Paid
INV_0143,EXP_009,Singapore,56038.15,2024-12-01,2025-01-30,2025-01-30,Paid
INV_0144,EXP_037,UK,117008.74,2025-10-19,2025-12-03,2025-12-08,Paid
INV_0145,EXP_015,Singapore,87683.49,2026-01-12,2026-03-13,2026-05-04,Paid Late
INV_0146,EXP_021,UK,145528.85,2024-08-18,2024-10-02,2024-10-05,Paid
INV_0147,EXP_045,Canada,56297.86,2025-07-22,2025-09-05,2025-09-05,Paid
INV_0148,EXP_048,France,43963.5,2023-06-05,2023-08-04,2023-08-02,Paid
INV_0149,EXP_009,UAE,57693.73,2025-05-24,2025-06-23,,Defaulted
INV_0150,EXP_039,Germany,96928.57,2025-03-02,2025-04-16,2025-04-14,Paid
INV_0151,EXP_039,UK,76368.07,2025-12-14,2026-01-13,2026-01-18,Paid
INV_0152,EXP_021,Canada,15417.47,2023-05-17,2023-07-16,2023-07-13,Paid
INV_0153,EXP_028,Canada,20224.64,2025-02-05,2025-05-06,2025-05-07,Paid
INV_0154,EXP_045,Canada,63698.7,2025-12-08,2026-01-22,2026-01-21,Paid
INV_0155,EXP_002,UK,98664.63,2026-02-03,2026-05-04,2026-05-31,Paid Late
INV_0156,EXP_002,UK,124240.83,2024-08-12,2024-09-11,2024-09-13,Paid
INV_0157,EXP_036,UK,99312.54,2024-09-28,2024-11-12,2024-11-10,Paid
INV_0158,EXP_040,Canada,127680.21,2023-05-14,2023-08-12,2023-08-17,Paid
INV_0159,EXP_021,USA,113684.25,2025-05-10,2025-07-09,2025-07-08,Paid
INV_0160,EXP_026,UK,60199.29,2024-10-24,2024-12-23,,Defaulted
INV_0161,EXP_043,USA,54896.41,2025-06-25,2025-09-23,,Overdue
INV_0162,EXP_005,Canada,73719.75,2023-04-18,2023-06-02,2023-06-03,Paid
INV_0163,EXP_029,UK,78575.98,2025-01-17,2025-04-17,2025-05-18,Paid Late
INV_0164,EXP_001,Singapore,51946.39,2025-11-09,2025-12-24,2025-12-22,Paid
INV_0165,EXP_020,UAE,41846.95,2025-09-18,2025-11-17,2025-11-20,Paid
INV_0166,EXP_031,Singapore,71001.98,2023-05-21,2023-07-05,2023-07-02,Paid
INV_0167,EXP_007,UK,55782.67,2023-09-06,2023-12-05,2024-02-01,Paid Late
INV_0168,EXP_041,UK,142241.05,2023-08-23,2023-10-22,,Defaulted
INV_0169,EXP_035,France,137007.95,2024-07-12,2024-08-26,2024-08-26,Paid
INV_0170,EXP_040,UAE,149698.54,2023-09-05,2023-11-04,2023-11-04,Paid
INV_0171,EXP_045,Canada,22431.53,2023-09-07,2023-10-22,2023-10-22,Paid
INV_0172,EXP_009,Germany,33547.28,2025-10-01,2025-12-30,2025-12-30,Paid
INV_0173,EXP_048,USA,108094.02,2024-09-17,2024-12-16,2024-12-20,Paid
INV_0174,EXP_005,UK,37793.78,2025-08-09,2025-10-08,2025-10-03,Paid
INV_0175,EXP_001,France,130993.06,2025-08-23,2025-09-22,2025-09-25,Paid
INV_0176,EXP_002,USA,143455.09,2025-06-03,2025-07-03,2025-08-08,Paid Late
INV_0177,EXP_013,Canada,63126.89,2023-04-03,2023-06-02,2023-06-06,Paid
INV_0178,EXP_009,Canada,61355.27,2024-07-21,2024-08-20,2024-09-29,Paid Late
INV_0179,EXP_020,Canada,121455.02,2024-11-02,2025-01-01,2025-01-06,Paid
INV_0180,EXP_032,USA,56805.07,2024-12-10,2025-03-10,,Overdue
INV_0181,EXP_030,UAE,33838.04,2025-07-29,2025-10-27,2025-10-27,Paid
INV_0182,EXP_014,UAE,89492.33,2024-01-09,2024-02-08,2024-02-03,Paid
INV_0183,EXP_025,Singapore,72069.55,2023-03-18,2023-04-17,,Defaulted
INV_0184,EXP_004,Singapore,83785.44,2024-11-14,2025-02-12,2025-02-11,Paid
INV_0185,EXP_003,Singapore,128966.04,2024-03-24,2024-06-22,2024-06-22,Paid
INV_0186,EXP_006,Singapore,127501.38,2024-09-07,2024-10-07,2024-10-09,Paid
INV_0187,EXP_040,Canada,27747.09,2025-10-14,2026-01-12,2026-01-15,Paid
INV_0188,EXP_003,France,32105.26,2025-06-07,2025-07-07,2025-07-02,Paid
INV_0189,EXP_012,Germany,72448.88,2025-08-16,2025-11-14,2025-12-07,Paid Late
INV_0190,EXP_031,Singapore,146117.06,2025-11-05,2026-02-03,2026-02-07,Paid
INV_0191,EXP_030,UAE,118776.21,2023-02-25,2023-05-26,2023-05-22,Paid
INV_0192,EXP_004,UK,12276.94,2024-04-29,2024-05-29,2024-06-01,Paid
INV_0193,EXP_019,Canada,82435.35,2026-01-09,2026-02-08,2026-02-09,Paid
INV_0194,EXP_048,Canada,134614.98,2023-09-09,2023-12-08,2024-01-11,Paid Late
INV_0195,EXP_047,France,75550.16,2023-03-18,2023-05-02,2023-05-04,Paid
INV_0196,EXP_046,Canada,78261.57,2023-11-18,2024-01-02,2024-01-03,Paid
INV_0197,EXP_033,Germany,75146.05,2025-05-19,2025-07-03,2025-07-05,Paid
INV_0198,EXP_004,Singapore,100743.25,2024-09-22,2024-11-06,,Overdue
INV_0199,EXP_001,USA,86380.57,2023-08-29,2023-11-27,2023-11-25,Paid
INV_0200,EXP_019,Canada,60343.65,2025-04-25,2025-07-24,2025-07-20,Paid
INV_0201,EXP_003,Singapore,8519.7,2025-04-22,2025-05-22,2025-07-12,Paid Late
INV_0202,EXP_036,Canada,17800.31,2023-12-15,2024-03-14,2024-03-12,Paid
INV_0203,EXP_010,France,32666.04,2025-09-12,2025-10-12,2025-10-15,Paid
INV_0204,EXP_028,USA,142951.46,2023-02-23,2023-04-09,,Overdue
INV_0205,EXP_041,Germany,146444.14,2024-04-22,2024-06-06,2024-06-07,Paid
INV_0206,EXP_043,Canada,26948.65,2023-04-30,2023-06-14,2023-06-17,Paid
INV_0207,EXP_020,Canada,73604.59,2025-08-15,2025-10-14,2025-10-10,Paid
INV_0208,EXP_001,Canada,110397.12,2024-12-21,2025-02-19,2025-02-19,Paid
INV_0209,EXP_016,Singapore,89079.66,2025-11-23,2026-01-07,2026-02-03,Paid Late
INV_0210,EXP_045,Germany,65081.28,2023-12-21,2024-03-20,2024-03-15,Paid
INV_0211,EXP_049,UK,30384.74,2025-10-01,2025-10-31,2025-12-23,Paid Late
INV_0212,EXP_007,Canada,26598.81,2024-04-02,2024-07-01,2024-06-27,Paid
INV_0213,EXP_046,France,67875.22,2023-08-20,2023-09-19,2023-09-16,Paid
INV_0214,EXP_003,Germany,38255.84,2023-12-30,2024-02-13,2024-02-16,Paid
INV_0215,EXP_025,Germany,47428.21,2023-06-21,2023-08-20,2023-08-22,Paid
INV_0216,EXP_028,USA,96498.77,2023-11-25,2024-01-24,2024-01-28,Paid
INV_0217,EXP_028,Singapore,126865.46,2023-02-06,2023-05-07,2023-05-11,Paid
INV_0218,EXP_049,UK,72556.68,2024-07-15,2024-10-13,2024-10-26,Paid Late
INV_0219,EXP_015,USA,70262.57,2023-07-25,2023-09-08,2023-09-05,Paid
INV_0220,EXP_045,UK,66291.41,2024-12-02,2025-01-31,2025-01-30,Paid
INV_0221,EXP_015,Singapore,115084.64,2023-11-06,2024-01-05,2024-01-08,Paid
INV_0222,EXP_032,UAE,8076.34,2023-12-21,2024-01-20,2024-01-17,Paid
INV_0223,EXP_008,Germany,70759.72,2023-01-13,2023-04-13,2023-04-09,Paid
INV_0224,EXP_020,USA,100435.03,2025-03-15,2025-06-13,2025-06-11,Paid
INV_0225,EXP_039,UAE,73012.17,2024-01-20,2024-03-05,2024-03-21,Paid Late
INV_0226,EXP_024,France,111122.45,2025-02-08,2025-03-25,2025-03-21,Paid
INV_0227,EXP_025,Singapore,92142.36,2023-10-11,2023-12-10,2023-12-10,Paid
INV_0228,EXP_012,Germany,144450.44,2024-03-14,2024-05-13,2024-06-01,Paid Late
INV_0229,EXP_004,UK,25317.09,2024-07-02,2024-08-16,2024-08-20,Paid
INV_0230,EXP_044,Germany,11047.72,2025-12-30,2026-02-28,2026-03-02,Paid
INV_0231,EXP_009,France,13981.61,2024-09-10,2024-12-09,2024-12-09,Paid
INV_0232,EXP_018,Germany,67927.24,2025-08-21,2025-10-05,2025-10-10,Paid
INV_0233,EXP_008,Canada,126101.5,2023-05-01,2023-07-30,2023-08-16,Paid Late
INV_0234,EXP_032,Germany,83083.95,2024-08-07,2024-11-05,2024-11-03,Paid
INV_0235,EXP_049,Germany,115092.84,2023-05-05,2023-06-04,2023-06-05,Paid
INV_0236,EXP_011,UK,96959.13,2024-07-27,2024-09-10,2024-09-25,Paid Late
INV_0237,EXP_012,UAE,103879.47,2025-02-14,2025-05-15,2025-05-20,Paid
INV_0238,EXP_031,France,131418.27,2023-10-10,2024-01-08,2024-01-12,Paid
INV_0239,EXP_043,Canada,110831.88,2025-12-29,2026-02-27,2026-03-03,Paid
INV_0240,EXP_013,Germany,95519.95,2023-02-09,2023-04-10,2023-06-09,Paid Late
INV_0241,EXP_037,Germany,93048.95,2023-12-27,2024-02-10,2024-03-11,Paid Late
INV_0242,EXP_026,USA,47052.12,2023-03-07,2023-05-06,2023-05-20,Paid Late
INV_0243,EXP_020,Germany,83718.57,2025-07-07,2025-08-06,2025-08-06,Paid
INV_0244,EXP_007,France,99204.95,2025-06-03,2025-09-01,2025-08-29,Paid
INV_0245,EXP_039,Germany,106695.31,2024-11-14,2025-02-12,2025-02-16,Paid
INV_0246,EXP_016,UK,118436.73,2023-08-30,2023-09-29,2023-09-24,Paid
INV_0247,EXP_007,France,119724.5,2023-02-22,2023-05-23,2023-05-18,Paid
INV_0248,EXP_003,USA,145261.93,2026-02-06,2026-05-07,2026-05-24,Paid Late
INV_0249,EXP_005,USA,76789.93,2023-01-13,2023-04-13,2023-05-28,Paid Late
INV_0250,EXP_023,France,147926.48,2024-01-25,2024-02-24,2024-02-26,Paid
INV_0251,EXP_044,Germany,121171.43,2023-07-11,2023-08-25,2023-08-24,Paid
INV_0252,EXP_032,Canada,58272.71,2023-11-19,2024-01-18,2024-01-22,Paid
INV_0253,EXP_038,Canada,5959.57,2024-04-24,2024-07-23,2024-07-20,Paid
INV_0254,EXP_042,UK,128727.95,2025-07-15,2025-08-29,2025-10-11,Paid Late
INV_0255,EXP_003,Canada,38748.11,2025-05-11,2025-06-25,2025-06-24,Paid
INV_0256,EXP_020,UAE,25214.6,2024-06-11,2024-07-11,2024-07-15,Paid
INV_0257,EXP_021,UAE,99702.17,2024-10-29,2024-12-13,2024-12-08,Paid
INV_0258,EXP_024,France,148042.99,2025-04-02,2025-06-01,2025-06-06,Paid
INV_0259,EXP_039,Singapore,73933.03,2024-04-11,2024-06-10,2024-06-12,Paid
INV_0260,EXP_003,Germany,67588.78,2023-08-06,2023-10-05,2023-10-06,Paid
INV_0261,EXP_018,UAE,116062.63,2023-09-16,2023-10-16,2023-10-13,Paid
INV_0262,EXP_005,France,39986.12,2024-12-10,2025-01-09,2025-01-05,Paid
INV_0263,EXP_043,France,140245.35,2024-05-18,2024-07-17,2024-08-05,Paid Late
INV_0264,EXP_007,Singapore,10525.35,2024-04-03,2024-07-02,,Defaulted
INV_0265,EXP_007,UK,123537.78,2024-07-12,2024-10-10,2024-10-13,Paid
INV_0266,EXP_014,Germany,117295.36,2024-07-26,2024-09-09,2024-09-13,Paid
INV_0267,EXP_004,France,56473.49,2024-04-10,2024-05-25,2024-05-28,Paid
INV_0268,EXP_030,UAE,84937.42,2023-03-02,2023-04-01,2023-05-20,Paid Late
INV_0269,EXP_003,Canada,23094.36,2023-11-22,2024-02-20,2024-02-22,Paid
INV_0270,EXP_031,Germany,114250.86,2025-02-28,2025-04-29,2025-06-13,Paid Late
INV_0271,EXP_011,Canada,139876.82,2024-06-10,2024-08-09,2024-08-08,Paid
INV_0272,EXP_015,Canada,114237.56,2025-12-06,2026-03-06,2026-03-01,Paid
INV_0273,EXP_007,UAE,88011.8,2024-09-11,2024-11-10,,Defaulted
INV_0274,EXP_045,UK,134703.01,2025-03-25,2025-05-24,2025-05-22,Paid
INV_0275,EXP_010,Singapore,57752.59,2026-01-19,2026-03-20,2026-03-23,Paid
INV_0276,EXP_002,France,53760.86,2023-12-24,2024-03-23,2024-04-19,Paid Late
INV_0277,EXP_018,UK,146190.93,2024-09-08,2024-10-23,2024-10-20,Paid
INV_0278,EXP_045,Canada,12558.66,2024-06-15,2024-07-15,2024-07-16,Paid
INV_0279,EXP_014,Germany,40693.36,2025-06-22,2025-08-21,2025-08-24,Paid
INV_0280,EXP_044,Singapore,46416.58,2024-09-05,2024-10-20,2024-10-24,Paid
INV_0281,EXP_002,UK,131913.33,2024-10-11,2024-12-10,2024-12-10,Paid
INV_0282,EXP_017,Germany,98552.27,2023-02-24,2023-04-10,2023-04-10,Paid
INV_0283,EXP_019,UK,57027.41,2024-03-08,2024-04-07,2024-04-23,Paid Late
INV_0284,EXP_023,UAE,107374.44,2025-12-24,2026-02-07,2026-02-06,Paid
INV_0285,EXP_022,France,66789.78,2024-06-02,2024-08-01,2024-08-05,Paid
INV_0286,EXP_030,Canada,8470.57,2024-10-29,2025-01-27,2025-01-24,Paid
INV_0287,EXP_025,USA,66493.56,2024-11-11,2025-01-10,2025-01-05,Paid
INV_0288,EXP_026,UK,15389.53,2024-06-25,2024-07-25,2024-08-25,Paid Late
INV_0289,EXP_023,France,106611.99,2025-05-07,2025-08-05,2025-08-31,Paid Late
INV_0290,EXP_048,Canada,120257.0,2026-01-12,2026-02-26,2026-02-21,Paid
INV_0291,EXP_038,Canada,93535.82,2024-04-02,2024-05-17,2024-06-06,Paid Late
INV_0292,EXP_025,UK,122523.01,2025-05-17,2025-06-16,2025-07-08,Paid Late
INV_0293,EXP_035,Germany,137501.36,2024-07-13,2024-08-12,2024-08-15,Paid
INV_0294,EXP_010,Germany,53407.46,2023-06-12,2023-09-10,,Overdue
INV_0295,EXP_011,UK,44140.88,2025-11-21,2025-12-21,2025-12-26,Paid
INV_0296,EXP_041,UK,100696.5,2024-05-11,2024-08-09,2024-08-10,Paid
INV_0297,EXP_014,France,40865.53,2024-01-02,2024-02-16,2024-02-19,Paid
INV_0298,EXP_032,UAE,111416.01,2024-04-20,2024-06-04,2024-05-30,Paid
INV_0299,EXP_002,UK,102959.63,2024-01-19,2024-03-19,2024-03-22,Paid
INV_0300,EXP_010,UAE,85504.09,2023-01-28,2023-02-27,2023-02-25,Paid
INV_0301,EXP_013,UK,49171.31,2024-05-20,2024-06-19,,Defaulted
INV_0302,EXP_032,France,120663.19,2023-03-11,2023-05-10,2023-06-12,Paid Late
INV_0303,EXP_036,Singapore,146171.61,2023-01-08,2023-03-09,,Defaulted
INV_0304,EXP_031,UAE,41756.88,2023-05-24,2023-06-23,2023-06-28,Paid
INV_0305,EXP_048,Singapore,31265.55,2023-11-21,2024-02-19,,Overdue
INV_0306,EXP_045,USA,47039.42,2024-04-26,2024-06-25,,Overdue
INV_0307,EXP_028,UAE,97722.16,2023-11-20,2023-12-20,2023-12-15,Paid
INV_0308,EXP_004,Canada,10623.35,2025-02-14,2025-04-15,,Defaulted
INV_0309,EXP_043,UAE,84167.33,2025-08-08,2025-11-06,,Defaulted
INV_0310,EXP_040,UAE,76962.24,2023-01-16,2023-02-15,2023-02-10,Paid
INV_0311,EXP_009,Singapore,95871.56,2024-07-04,2024-08-18,2024-08-14,Paid
INV_0312,EXP_025,Germany,9359.7,2024-01-31,2024-04-30,2024-06-26,Paid Late
INV_0313,EXP_021,France,100417.6,2024-09-11,2024-10-11,2024-10-16,Paid
INV_0314,EXP_036,UAE,72717.0,2024-08-20,2024-10-04,2024-09-30,Paid
INV_0315,EXP_048,Germany,79317.81,2025-07-02,2025-08-01,2025-08-05,Paid
INV_0316,EXP_028,UK,145640.45,2025-09-29,2025-12-28,2025-12-29,Paid
INV_0317,EXP_048,UAE,40031.93,2025-07-24,2025-10-22,2025-10-25,Paid
INV_0318,EXP_016,USA,60582.95,2023-08-11,2023-09-25,2023-09-30,Paid
INV_0319,EXP_028,UK,149319.29,2025-08-23,2025-10-22,2025-10-18,Paid
INV_0320,EXP_043,UK,84539.65,2025-02-17,2025-03-19,2025-03-15,Paid
INV_0321,EXP_014,UAE,62336.97,2025-02-03,2025-03-20,,Overdue
INV_0322,EXP_027,UAE,74879.45,2023-07-17,2023-08-31,2023-09-04,Paid
INV_0323,EXP_018,Singapore,96589.92,2024-03-17,2024-04-16,2024-04-19,Paid
INV_0324,EXP_039,USA,53600.51,2023-04-17,2023-07-16,2023-07-11,Paid
INV_0325,EXP_018,USA,65448.4,2025-09-16,2025-12-15,2025-12-12,Paid
INV_0326,EXP_037,USA,99673.99,2024-04-27,2024-06-26,2024-06-25,Paid
INV_0327,EXP_024,Germany,14816.19,2023-04-01,2023-05-31,,Defaulted
INV_0328,EXP_044,Canada,64352.25,2026-02-14,2026-05-15,2026-05-16,Paid
INV_0329,EXP_032,Germany,59618.16,2023-08-23,2023-10-07,2023-10-09,Paid
INV_0330,EXP_039,France,83228.06,2024-12-26,2025-02-09,2025-02-12,Paid
INV_0331,EXP_023,Canada,129108.75,2025-02-12,2025-05-13,2025-05-09,Paid
INV_0332,EXP_008,Singapore,66189.82,2025-05-11,2025-06-10,2025-07-11,Paid Late
INV_0333,EXP_023,UAE,18591.81,2025-06-19,2025-08-18,2025-08-23,Paid
INV_0334,EXP_035,France,114902.81,2024-09-14,2024-11-13,2024-11-11,Paid
INV_0335,EXP_009,UK,118990.56,2023-01-09,2023-04-09,2023-04-10,Paid
INV_0336,EXP_034,Germany,136438.48,2025-10-10,2025-11-09,2025-11-22,Paid Late
INV_0337,EXP_034,France,18224.43,2023-04-12,2023-05-27,2023-05-24,Paid
INV_0338,EXP_014,USA,26694.63,2026-01-09,2026-04-09,2026-04-12,Paid
INV_0339,EXP_002,Canada,117633.07,2023-11-20,2024-02-18,2024-02-14,Paid
INV_0340,EXP_009,USA,57594.61,2025-06-04,2025-07-04,2025-07-09,Paid
INV_0341,EXP_005,UK,40837.02,2023-04-14,2023-05-14,2023-05-24,Paid Late
INV_0342,EXP_010,Canada,65630.2,2024-07-25,2024-10-23,2024-10-27,Paid
INV_0343,EXP_013,UAE,110039.07,2025-10-18,2025-11-17,2025-11-12,Paid
INV_0344,EXP_027,USA,91876.76,2023-06-06,2023-08-05,2023-08-05,Paid
INV_0345,EXP_016,Germany,13031.38,2024-04-23,2024-05-23,2024-05-18,Paid
INV_0346,EXP_031,Singapore,90280.82,2024-08-17,2024-11-15,2024-11-18,Paid
INV_0347,EXP_019,France,103287.93,2025-02-21,2025-05-22,2025-07-05,Paid Late
INV_0348,EXP_017,UAE,104085.68,2024-12-24,2025-01-23,2025-01-22,Paid
INV_0349,EXP_006,France,104654.78,2023-07-18,2023-08-17,2023-08-14,Paid
INV_0350,EXP_033,Singapore,82212.14,2024-07-14,2024-09-12,2024-10-18,Paid Late
INV_0351,EXP_042,Germany,33366.3,2023-10-21,2023-11-20,2023-11-19,Paid
INV_0352,EXP_001,UAE,139400.3,2023-12-11,2024-01-10,,Defaulted
INV_0353,EXP_030,UK,8210.57,2023-04-08,2023-06-07,2023-06-08,Paid
INV_0354,EXP_010,Germany,92497.04,2025-08-23,2025-10-22,2025-10-26,Paid
INV_0355,EXP_007,Singapore,5088.89,2023-06-24,2023-08-23,2023-08-21,Paid
INV_0356,EXP_014,Singapore,80431.88,2023-06-30,2023-09-28,2023-10-30,Paid Late
INV_0357,EXP_040,Canada,141466.52,2026-01-01,2026-04-01,2026-03-27,Paid
INV_0358,EXP_035,Germany,81875.53,2023-03-11,2023-06-09,2023-06-17,Paid Late
INV_0359,EXP_026,UAE,8604.92,2025-08-09,2025-09-23,2025-09-24,Paid
INV_0360,EXP_046,France,139923.72,2025-05-13,2025-07-12,2025-07-14,Paid
INV_0361,EXP_023,Germany,141770.2,2023-03-22,2023-05-21,,Defaulted
INV_0362,EXP_016,Canada,112002.67,2024-10-28,2024-12-12,2024-12-14,Paid
INV_0363,EXP_024,Canada,99256.34,2024-08-27,2024-09-26,2024-09-30,Paid
INV_0364,EXP_012,UAE,111810.48,2025-10-09,2025-11-23,2025-11-21,Paid
INV_0365,EXP_023,USA,48402.2,2025-04-14,2025-06-13,2025-06-11,Paid
INV_0366,EXP_047,Canada,63863.7,2024-01-12,2024-02-11,2024-02-09,Paid
INV_0367,EXP_005,Canada,118406.52,2025-03-27,2025-05-11,2025-05-11,Paid
INV_0368,EXP_035,France,99272.18,2024-11-07,2025-02-05,2025-02-04,Paid
INV_0369,EXP_038,Germany,137267.51,2024-07-27,2024-09-25,2024-09-30,Paid
INV_0370,EXP_016,UAE,67536.4,2023-08-18,2023-11-16,2023-11-12,Paid
INV_0371,EXP_019,UAE,81802.99,2024-06-05,2024-07-20,2024-08-02,Paid Late
INV_0372,EXP_038,France,89805.52,2023-07-27,2023-10-25,2023-10-27,Paid
INV_0373,EXP_022,Canada,111122.94,2025-01-15,2025-03-16,2025-03-17,Paid
INV_0374,EXP_046,UAE,39565.15,2024-12-03,2025-03-03,,Overdue
INV_0375,EXP_030,Singapore,51768.49,2024-03-23,2024-05-07,2024-05-06,Paid
INV_0376,EXP_026,Germany,13052.93,2025-01-12,2025-04-12,2025-06-07,Paid Late
INV_0377,EXP_035,Canada,149000.17,2024-02-05,2024-04-05,2024-03-31,Paid
INV_0378,EXP_022,USA,107291.07,2025-04-15,2025-06-14,2025-06-15,Paid
INV_0379,EXP_036,France,74584.1,2025-01-22,2025-04-22,2025-06-19,Paid Late
INV_0380,EXP_017,France,134249.77,2023-01-08,2023-02-22,2023-02-25,Paid
INV_0381,EXP_047,USA,143903.59,2025-12-29,2026-01-28,2026-02-02,Paid
INV_0382,EXP_025,France,120706.22,2023-04-03,2023-05-18,2023-07-01,Paid Late
INV_0383,EXP_007,USA,14340.11,2023-08-04,2023-11-02,2023-11-03,Paid
INV_0384,EXP_013,Germany,38564.73,2024-08-06,2024-10-05,2024-10-09,Paid
INV_0385,EXP_025,UK,7656.27,2023-11-23,2024-02-21,2024-02-25,Paid
INV_0386,EXP_001,Germany,81321.34,2025-11-24,2026-01-08,2026-01-12,Paid
INV_0387,EXP_022,UAE,108141.29,2023-03-31,2023-04-30,2023-06-22,Paid Late
INV_0388,EXP_011,UAE,7346.25,2024-02-14,2024-03-15,2024-03-13,Paid
INV_0389,EXP_035,France,69675.28,2023-01-07,2023-04-07,2023-05-07,Paid Late
INV_0390,EXP_015,Germany,104005.44,2024-08-03,2024-10-02,2024-10-28,Paid Late
INV_0391,EXP_022,UAE,70665.22,2023-10-27,2023-12-26,2023-12-21,Paid
INV_0392,EXP_001,UK,24471.18,2025-11-08,2026-02-06,2026-02-15,Paid Late
INV_0393,EXP_016,France,102979.61,2023-10-29,2023-12-28,2023-12-30,Paid
INV_0394,EXP_047,France,72529.5,2024-09-24,2024-10-24,2024-10-25,Paid
INV_0395,EXP_050,Germany,131357.47,2024-06-30,2024-09-28,2024-10-02,Paid
INV_0396,EXP_032,UK,17092.21,2025-05-03,2025-08-01,2025-08-25,Paid Late
INV_0397,EXP_014,UK,99533.19,2025-08-17,2025-11-15,2025-11-26,Paid Late
INV_0398,EXP_043,UK,62727.31,2025-08-17,2025-10-16,2025-10-15,Paid
INV_0399,EXP_037,Singapore,94785.09,2025-05-19,2025-07-18,,Overdue
INV_0400,EXP_032,USA,145255.46,2024-03-03,2024-04-02,2024-04-06,Paid
INV_0401,EXP_036,UK,105423.77,2023-01-08,2023-02-22,2023-02-24,Paid
INV_0402,EXP_047,Germany,139698.34,2025-12-12,2026-01-26,2026-01-25,Paid
INV_0403,EXP_010,Germany,129253.14,2024-11-10,2024-12-25,2025-02-10,Paid Late
INV_0404,EXP_003,France,124529.39,2024-01-21,2024-03-21,2024-03-24,Paid
INV_0405,EXP_043,France,128460.88,2025-06-17,2025-08-01,,Overdue
INV_0406,EXP_018,UAE,70398.09,2024-06-02,2024-07-17,2024-07-14,Paid
INV_0407,EXP_049,France,35950.5,2023-06-05,2023-07-20,,Defaulted
INV_0408,EXP_021,Germany,88918.49,2024-11-25,2025-01-09,2025-01-11,Paid
INV_0409,EXP_027,USA,148518.5,2025-12-19,2026-01-18,2026-01-20,Paid
INV_0410,EXP_031,UK,10625.2,2023-06-15,2023-07-15,2023-07-14,Paid
INV_0411,EXP_035,France,108359.87,2025-10-23,2025-12-07,2025-12-02,Paid
INV_0412,EXP_016,Canada,83373.66,2025-10-03,2026-01-01,2026-01-05,Paid
INV_0413,EXP_017,France,140645.18,2023-04-18,2023-07-17,2023-07-19,Paid
INV_0414,EXP_023,Germany,104498.58,2025-08-03,2025-09-02,2025-09-02,Paid
INV_0415,EXP_043,UAE,92966.13,2023-07-04,2023-08-03,2023-08-02,Paid
INV_0416,EXP_042,USA,117218.36,2024-04-11,2024-07-10,2024-07-15,Paid
INV_0417,EXP_023,UAE,18826.7,2024-09-21,2024-11-05,2024-11-10,Paid
INV_0418,EXP_008,Singapore,56773.34,2025-09-13,2025-11-12,2025-12-24,Paid Late
INV_0419,EXP_047,Singapore,138083.29,2023-06-05,2023-07-20,2023-07-20,Paid
INV_0420,EXP_004,France,128268.35,2025-02-02,2025-03-04,2025-03-01,Paid
INV_0421,EXP_045,Germany,107578.01,2023-05-21,2023-07-05,2023-07-09,Paid
INV_0422,EXP_006,Singapore,129353.5,2024-03-29,2024-05-13,2024-05-12,Paid
INV_0423,EXP_013,Germany,12180.82,2025-04-03,2025-07-02,2025-07-05,Paid
INV_0424,EXP_022,UK,144824.64,2023-05-25,2023-07-24,,Overdue
INV_0425,EXP_015,UAE,23596.79,2024-09-09,2024-12-08,2024-12-09,Paid
INV_0426,EXP_045,Singapore,44142.64,2024-02-24,2024-04-24,2024-04-22,Paid
INV_0427,EXP_041,Singapore,99131.56,2025-03-02,2025-04-16,2025-06-05,Paid Late
INV_0428,EXP_015,France,90078.96,2026-01-17,2026-04-17,2026-04-21,Paid
INV_0429,EXP_036,USA,130973.46,2023-04-06,2023-07-05,2023-07-01,Paid
INV_0430,EXP_038,UAE,86291.08,2026-01-26,2026-03-27,2026-03-22,Paid
INV_0431,EXP_036,USA,98588.39,2024-01-12,2024-02-26,2024-02-29,Paid
INV_0432,EXP_013,USA,15987.73,2024-11-26,2025-01-10,,Defaulted
INV_0433,EXP_020,UAE,111377.55,2025-09-18,2025-11-02,2025-11-02,Paid
INV_0434,EXP_012,Germany,31674.78,2023-04-15,2023-05-30,2023-06-03,Paid
INV_0435,EXP_015,Germany,107473.6,2025-04-19,2025-07-18,2025-07-30,Paid Late
INV_0436,EXP_002,France,27273.49,2024-08-23,2024-10-07,2024-10-08,Paid
INV_0437,EXP_034,Canada,140928.41,2024-06-14,2024-09-12,2024-09-16,Paid
INV_0438,EXP_027,USA,96179.89,2023-05-11,2023-06-10,2023-06-10,Paid
INV_0439,EXP_036,UK,82961.57,2025-07-01,2025-07-31,2025-07-31,Paid
INV_0440,EXP_033,Germany,60863.88,2024-02-02,2024-03-18,2024-04-18,Paid Late
INV_0441,EXP_050,France,97446.44,2023-08-04,2023-09-03,,Defaulted
INV_0442,EXP_026,UK,100425.36,2024-12-02,2025-03-02,2025-03-04,Paid
INV_0443,EXP_019,USA,116173.87,2026-01-16,2026-03-17,,Defaulted
INV_0444,EXP_014,Canada,68601.9,2024-03-17,2024-06-15,2024-06-12,Paid
INV_0445,EXP_038,USA,43174.62,2024-07-17,2024-09-15,,Overdue
INV_0446,EXP_003,Germany,115397.21,2025-01-08,2025-03-09,2025-03-08,Paid
INV_0447,EXP_024,USA,146895.74,2023-05-08,2023-06-22,2023-06-23,Paid
INV_0448,EXP_040,UK,60368.52,2025-12-26,2026-03-26,2026-03-29,Paid
INV_0449,EXP_003,Germany,79913.87,2025-05-11,2025-06-25,2025-06-23,Paid
INV_0450,EXP_009,Germany,127980.89,2025-03-17,2025-05-01,2025-05-31,Paid Late
INV_0451,EXP_002,Canada,71480.23,2023-02-24,2023-03-26,2023-03-31,Paid
INV_0452,EXP_047,USA,109496.1,2025-11-30,2026-01-29,2026-02-27,Paid Late
INV_0453,EXP_004,Canada,139357.69,2023-05-09,2023-06-23,2023-06-28,Paid
INV_0454,EXP_023,UK,18823.51,2024-03-22,2024-05-21,2024-05-25,Paid
INV_0455,EXP_005,France,27033.6,2023-06-11,2023-07-26,2023-07-30,Paid
INV_0456,EXP_035,Singapore,115393.36,2023-11-14,2024-02-12,2024-04-06,Paid Late
INV_0457,EXP_047,Germany,49269.86,2023-05-07,2023-07-06,2023-08-06,Paid Late
INV_0458,EXP_014,USA,148206.36,2025-06-22,2025-07-22,2025-07-21,Paid
INV_0459,EXP_017,USA,50726.91,2024-06-06,2024-07-21,2024-07-22,Paid
INV_0460,EXP_018,Singapore,77577.39,2024-04-11,2024-07-10,2024-08-21,Paid Late
INV_0461,EXP_048,UAE,69262.73,2024-04-29,2024-07-28,2024-08-02,Paid
INV_0462,EXP_023,Germany,135866.34,2023-02-25,2023-04-11,2023-04-15,Paid
INV_0463,EXP_047,UK,18072.01,2025-03-23,2025-05-07,2025-06-28,Paid Late
INV_0464,EXP_047,Canada,65783.57,2025-02-27,2025-04-13,2025-04-28,Paid Late
INV_0465,EXP_004,UAE,106822.64,2024-12-26,2025-02-09,2025-02-06,Paid
INV_0466,EXP_028,Germany,12604.22,2024-10-30,2024-11-29,,Overdue
INV_0467,EXP_035,Canada,13489.69,2023-11-17,2024-01-01,2024-02-09,Paid Late
INV_0468,EXP_019,Germany,143163.42,2024-02-25,2024-04-10,2024-04-15,Paid
INV_0469,EXP_015,USA,28562.03,2025-05-01,2025-07-30,2025-07-26,Paid
INV_0470,EXP_015,UAE,33665.0,2026-01-14,2026-02-28,2026-04-21,Paid Late
INV_0471,EXP_039,USA,55477.93,2024-12-06,2025-01-20,2025-01-15,Paid
INV_0472,EXP_025,UK,63746.45,2023-01-08,2023-04-08,2023-04-10,Paid
INV_0473,EXP_004,Canada,131435.36,2024-10-14,2025-01-12,,Overdue
INV_0474,EXP_002,USA,33475.85,2023-04-25,2023-05-25,2023-07-07,Paid Late
INV_0475,EXP_002,UK,27693.52,2024-07-19,2024-10-17,,Defaulted
INV_0476,EXP_011,France,123076.9,2023-03-17,2023-05-01,2023-05-04,Paid
INV_0477,EXP_008,UK,127282.95,2025-08-05,2025-10-04,,Overdue
INV_0478,EXP_018,UK,122387.84,2024-10-15,2024-12-14,2024-12-10,Paid
INV_0479,EXP_042,USA,147193.58,2024-01-09,2024-02-08,2024-02-05,Paid
INV_0480,EXP_004,Singapore,49401.76,2024-12-24,2025-03-24,2025-03-25,Paid
INV_0481,EXP_043,UAE,145126.68,2025-06-28,2025-08-12,2025-08-11,Paid
INV_0482,EXP_048,France,88962.64,2023-03-13,2023-04-12,2023-04-15,Paid
INV_0483,EXP_021,UK,83197.63,2024-11-24,2025-01-23,2025-01-25,Paid
INV_0484,EXP_033,Germany,92836.97,2023-11-28,2023-12-28,2024-01-02,Paid
INV_0485,EXP_004,UK,83889.5,2023-08-20,2023-09-19,2023-09-22,Paid
INV_0486,EXP_034,Canada,109129.72,2024-10-08,2024-11-22,2024-11-17,Paid
INV_0487,EXP_022,Germany,14451.79,2023-11-22,2024-01-21,2024-01-21,Paid
INV_0488,EXP_025,UAE,79715.53,2025-02-09,2025-03-11,2025-03-08,Paid
INV_0489,EXP_014,UAE,67867.67,2023-10-19,2024-01-17,2024-01-15,Paid
INV_0490,EXP_018,UAE,47724.52,2024-07-23,2024-09-06,2024-09-11,Paid
INV_0491,EXP_023,UAE,20082.45,2024-08-26,2024-11-24,2024-11-20,Paid
INV_0492,EXP_031,Canada,34910.86,2023-02-05,2023-05-06,2023-05-08,Paid
INV_0493,EXP_017,UAE,120417.93,2024-05-03,2024-06-02,2024-06-28,Paid Late
INV_0494,EXP_007,Canada,112684.32,2024-12-27,2025-02-25,,Defaulted
INV_0495,EXP_036,Singapore,116619.24,2023-06-11,2023-07-11,2023-07-08,Paid
INV_0496,EXP_037,UK,33600.2,2025-01-19,2025-03-05,2025-02-28,Paid
INV_0497,EXP_045,USA,15672.66,2024-03-29,2024-05-13,2024-07-11,Paid Late
INV_0498,EXP_044,France,60999.87,2023-08-20,2023-09-19,2023-09-15,Paid
INV_0499,EXP_027,France,112448.55,2024-07-06,2024-09-04,2024-09-03,Paid
INV_0500,EXP_023,Canada,127088.63,2024-12-19,2025-02-17,2025-04-12,Paid Late
INV_0501,EXP_038,Canada,139415.53,2025-04-15,2025-05-15,2025-06-14,Paid Late
INV_0502,EXP_030,UAE,90170.47,2023-03-22,2023-04-21,2023-06-15,Paid Late
INV_0503,EXP_030,Canada,69993.04,2025-03-23,2025-05-22,2025-05-19,Paid
INV_0504,EXP_011,Germany,22505.78,2023-02-03,2023-03-20,2023-03-18,Paid
INV_0505,EXP_031,Canada,36367.59,2025-11-13,2026-02-11,2026-02-13,Paid
INV_0506,EXP_033,France,37104.53,2025-11-19,2025-12-19,2025-12-20,Paid
INV_0507,EXP_001,USA,49599.58,2023-09-20,2023-12-19,,Defaulted
INV_0508,EXP_020,UK,41962.51,2023-12-03,2024-02-01,2024-02-04,Paid
INV_0509,EXP_003,Germany,96174.35,2024-12-08,2025-01-22,2025-01-23,Paid
INV_0510,EXP_007,France,69666.04,2025-04-11,2025-05-11,2025-06-13,Paid Late
INV_0511,EXP_003,Canada,95040.17,2025-09-13,2025-11-12,2025-12-05,Paid Late
INV_0512,EXP_002,Germany,22159.44,2023-09-15,2023-12-14,2024-01-26,Paid Late
INV_0513,EXP_001,UAE,37848.62,2023-03-21,2023-06-19,2023-06-19,Paid
INV_0514,EXP_035,USA,148793.39,2024-06-24,2024-07-24,2024-09-01,Paid Late
INV_0515,EXP_041,USA,72966.04,2025-05-27,2025-07-11,2025-07-13,Paid
INV_0516,EXP_008,France,5157.97,2023-09-22,2023-12-21,2023-12-25,Paid
INV_0517,EXP_007,UAE,40126.58,2023-06-04,2023-08-03,2023-07-30,Paid
INV_0518,EXP_047,UK,98822.25,2025-11-11,2025-12-11,2025-12-09,Paid
INV_0519,EXP_036,UAE,34073.14,2024-10-23,2024-12-22,2025-01-18,Paid Late
INV_0520,EXP_029,Germany,77967.93,2025-11-06,2026-02-04,2026-01-31,Paid
INV_0521,EXP_017,USA,24038.51,2023-08-24,2023-09-23,2023-09-23,Paid
INV_0522,EXP_040,Germany,142645.89,2023-06-12,2023-08-11,2023-08-07,Paid
INV_0523,EXP_006,France,11614.63,2024-11-27,2025-01-26,2025-03-12,Paid Late
INV_0524,EXP_049,France,43664.82,2023-06-06,2023-07-21,2023-09-12,Paid Late
INV_0525,EXP_006,USA,8984.4,2023-02-27,2023-04-13,2023-06-07,Paid Late
INV_0526,EXP_010,Canada,144265.07,2025-03-11,2025-04-25,2025-04-26,Paid
INV_0527,EXP_037,UAE,77742.02,2024-07-05,2024-10-03,2024-09-28,Paid
INV_0528,EXP_026,France,98634.66,2025-05-15,2025-08-13,2025-08-16,Paid
INV_0529,EXP_014,Canada,123996.92,2024-07-27,2024-09-25,2024-09-27,Paid
INV_0530,EXP_025,Canada,110528.16,2025-06-01,2025-08-30,2025-08-29,Paid
INV_0531,EXP_028,France,93730.41,2023-07-19,2023-09-02,2023-08-31,Paid
INV_0532,EXP_036,Canada,114801.22,2024-04-12,2024-05-12,2024-05-07,Paid
INV_0533,EXP_040,Singapore,58934.21,2025-07-20,2025-08-19,2025-08-23,Paid
INV_0534,EXP_022,Canada,53279.88,2025-11-06,2025-12-06,2025-12-03,Paid
INV_0535,EXP_042,Singapore,5763.57,2024-06-23,2024-08-22,2024-09-22,Paid Late
INV_0536,EXP_035,France,94137.58,2025-08-14,2025-09-13,2025-10-14,Paid Late
INV_0537,EXP_017,USA,42269.2,2023-05-23,2023-06-22,2023-06-24,Paid
INV_0538,EXP_033,Singapore,80655.7,2023-05-07,2023-06-21,2023-06-20,Paid
INV_0539,EXP_039,UAE,112650.31,2025-09-13,2025-10-28,2025-10-28,Paid
INV_0540,EXP_011,France,123486.32,2026-01-14,2026-02-13,2026-02-15,Paid
INV_0541,EXP_025,UAE,70259.88,2023-01-15,2023-02-14,2023-02-17,Paid
INV_0542,EXP_023,Singapore,40517.7,2024-01-14,2024-02-28,2024-03-01,Paid
INV_0543,EXP_046,Germany,142749.6,2024-01-05,2024-04-04,2024-03-31,Paid
INV_0544,EXP_042,Germany,61523.65,2023-12-21,2024-01-20,,Overdue
INV_0545,EXP_007,UK,31097.59,2023-08-22,2023-09-21,,Defaulted
INV_0546,EXP_024,Germany,18551.06,2024-12-26,2025-02-24,2025-02-23,Paid
INV_0547,EXP_039,Singapore,52795.0,2025-01-06,2025-04-06,2025-04-02,Paid
INV_0548,EXP_015,Singapore,69139.13,2023-05-27,2023-07-26,2023-07-24,Paid
INV_0549,EXP_006,UK,93716.66,2025-01-14,2025-02-13,2025-02-09,Paid
INV_0550,EXP_033,Singapore,102812.06,2025-08-05,2025-10-04,2025-09-29,Paid
INV_0551,EXP_025,France,47812.46,2025-10-13,2025-11-12,2025-11-11,Paid
INV_0552,EXP_008,USA,60434.77,2024-01-15,2024-04-14,2024-04-17,Paid
INV_0553,EXP_026,Singapore,57068.91,2023-09-09,2023-11-08,2023-11-10,Paid
INV_0554,EXP_036,Canada,85039.36,2025-01-21,2025-03-22,2025-03-27,Paid
INV_0555,EXP_028,Germany,116525.11,2024-05-17,2024-06-16,2024-06-15,Paid
INV_0556,EXP_045,UK,8170.92,2023-04-04,2023-05-19,2023-06-16,Paid Late
INV_0557,EXP_019,France,32881.78,2024-06-25,2024-08-24,,Defaulted
INV_0558,EXP_005,Canada,26862.45,2026-01-27,2026-04-27,2026-05-28,Paid Late
INV_0559,EXP_046,France,11600.98,2023-10-25,2024-01-23,2024-01-28,Paid
INV_0560,EXP_022,UAE,119592.4,2025-02-11,2025-05-12,2025-05-08,Paid
INV_0561,EXP_050,USA,123906.04,2025-01-10,2025-04-10,2025-04-15,Paid
INV_0562,EXP_050,UAE,132700.21,2025-01-06,2025-03-07,2025-03-03,Paid
INV_0563,EXP_024,USA,139833.53,2023-02-27,2023-04-13,,Defaulted
INV_0564,EXP_037,Canada,5153.63,2026-01-20,2026-03-21,,Outstanding
INV_0565,EXP_018,USA,121607.75,2024-06-13,2024-07-28,2024-07-30,Paid
INV_0566,EXP_040,Germany,61394.69,2025-06-07,2025-08-06,2025-08-06,Paid
INV_0567,EXP_035,USA,22992.69,2024-11-08,2024-12-23,2024-12-27,Paid
INV_0568,EXP_036,UAE,55854.93,2024-06-12,2024-09-10,2024-09-10,Paid
INV_0569,EXP_004,UAE,27894.12,2025-07-07,2025-09-05,2025-09-29,Paid Late
INV_0570,EXP_013,France,95853.77,2025-05-04,2025-08-02,2025-08-04,Paid
INV_0571,EXP_010,USA,113168.57,2025-08-18,2025-09-17,2025-09-13,Paid
INV_0572,EXP_041,Germany,80720.69,2024-02-18,2024-05-18,2024-05-22,Paid
INV_0573,EXP_044,France,103104.51,2025-11-10,2025-12-10,2025-12-09,Paid
INV_0574,EXP_036,Germany,73933.61,2024-09-23,2024-12-22,2024-12-18,Paid
INV_0575,EXP_023,UAE,101554.16,2024-10-04,2025-01-02,2025-01-05,Paid
INV_0576,EXP_010,UAE,123417.82,2024-07-16,2024-08-30,2024-08-27,Paid
INV_0577,EXP_010,Singapore,73167.16,2025-09-02,2025-10-02,2025-10-06,Paid
INV_0578,EXP_003,USA,63745.98,2023-10-20,2024-01-18,2024-02-23,Paid Late
INV_0579,EXP_012,UAE,63170.04,2024-04-06,2024-07-05,2024-07-01,Paid
INV_0580,EXP_023,France,11884.9,2024-06-09,2024-07-24,2024-07-27,Paid
INV_0581,EXP_039,Singapore,66679.18,2026-01-11,2026-04-11,2026-04-06,Paid
INV_0582,EXP_019,France,84825.03,2026-02-10,2026-03-12,2026-03-14,Paid
INV_0583,EXP_023,Germany,66767.91,2023-07-18,2023-10-16,,Defaulted
INV_0584,EXP_022,Germany,42480.14,2026-01-30,2026-03-01,2026-03-05,Paid
INV_0585,EXP_029,Germany,99647.33,2023-04-07,2023-05-22,2023-06-11,Paid Late
INV_0586,EXP_014,UAE,123930.66,2024-09-11,2024-12-10,2024-12-13,Paid
INV_0587,EXP_038,France,47911.77,2023-02-09,2023-03-26,2023-03-22,Paid
INV_0588,EXP_048,USA,25483.4,2023-09-10,2023-11-09,2023-11-04,Paid
INV_0589,EXP_013,Singapore,32135.32,2025-12-29,2026-02-27,2026-02-27,Paid
INV_0590,EXP_023,USA,67473.72,2023-04-20,2023-07-19,2023-07-16,Paid
INV_0591,EXP_018,UK,133594.65,2025-01-08,2025-02-22,2025-02-24,Paid
INV_0592,EXP_033,Canada,40407.87,2024-11-26,2025-02-24,,Defaulted
INV_0593,EXP_049,UAE,33663.99,2025-04-30,2025-06-29,2025-06-25,Paid
INV_0594,EXP_021,UK,136762.43,2023-03-05,2023-04-19,2023-04-24,Paid
INV_0595,EXP_027,Singapore,71217.07,2026-01-19,2026-02-18,2026-02-17,Paid
INV_0596,EXP_042,Singapore,117024.03,2025-10-05,2025-12-04,2025-11-29,Paid
INV_0597,EXP_033,Canada,68643.8,2023-12-29,2024-02-12,2024-02-08,Paid
INV_0598,EXP_017,Germany,96942.44,2024-07-02,2024-08-16,2024-08-14,Paid
INV_0599,EXP_026,Germany,66595.66,2024-10-02,2024-11-16,2024-11-21,Paid
INV_0600,EXP_038,Canada,118494.76,2023-02-15,2023-04-01,2023-04-04,Paid
INV_0601,EXP_010,France,7921.02,2024-06-09,2024-08-08,2024-08-11,Paid
INV_0602,EXP_021,UK,97896.32,2024-07-28,2024-08-27,2024-09-10,Paid Late
INV_0603,EXP_008,UK,5584.01,2025-07-05,2025-08-19,2025-10-06,Paid Late
INV_0604,EXP_043,Singapore,127954.45,2025-06-11,2025-07-11,2025-07-08,Paid
INV_0605,EXP_050,Canada,76569.71,2025-07-15,2025-08-29,2025-08-25,Paid
INV_0606,EXP_042,UAE,107773.39,2024-04-19,2024-06-03,2024-06-05,Paid
INV_0607,EXP_020,UAE,44010.95,2023-03-31,2023-04-30,2023-04-30,Paid
INV_0608,EXP_025,UK,63130.7,2025-07-25,2025-09-23,2025-09-20,Paid
INV_0609,EXP_046,Germany,104864.4,2025-12-04,2026-02-02,2026-01-30,Paid
INV_0610,EXP_034,USA,5419.58,2025-11-18,2026-01-17,2026-02-21,Paid Late
INV_0611,EXP_020,UAE,20815.3,2023-03-28,2023-04-27,2023-04-27,Paid
INV_0612,EXP_009,Germany,136405.72,2025-02-13,2025-05-14,2025-05-10,Paid
INV_0613,EXP_009,USA,48119.55,2024-08-31,2024-09-30,2024-10-07,Paid Late
INV_0614,EXP_041,USA,18011.17,2024-02-01,2024-04-01,2024-03-28,Paid
INV_0615,EXP_047,UK,73586.6,2023-10-22,2023-12-06,2023-12-02,Paid
INV_0616,EXP_003,France,12958.15,2025-02-22,2025-03-24,2025-03-23,Paid
INV_0617,EXP_042,Germany,18197.76,2024-02-28,2024-04-13,2024-04-15,Paid
INV_0618,EXP_012,UK,33710.21,2023-11-09,2023-12-09,2023-12-04,Paid
INV_0619,EXP_007,USA,7639.85,2025-09-15,2025-12-14,2025-12-12,Paid
INV_0620,EXP_049,USA,100614.65,2025-05-24,2025-06-23,2025-06-20,Paid
INV_0621,EXP_044,UK,100433.15,2025-08-13,2025-09-12,2025-09-14,Paid
INV_0622,EXP_035,Canada,96156.98,2023-04-17,2023-07-16,2023-07-20,Paid
INV_0623,EXP_005,UAE,5288.36,2024-03-10,2024-05-09,2024-05-13,Paid
INV_0624,EXP_020,Germany,34750.17,2025-12-02,2026-01-01,2026-01-01,Paid
INV_0625,EXP_029,UAE,86464.85,2023-05-17,2023-08-15,2023-09-23,Paid Late
INV_0626,EXP_006,UAE,79074.77,2025-06-20,2025-09-18,2025-09-18,Paid
INV_0627,EXP_019,USA,27150.89,2024-11-27,2025-01-26,,Defaulted
INV_0628,EXP_046,USA,32499.45,2024-04-13,2024-07-12,,Overdue
INV_0629,EXP_006,UK,40058.11,2025-07-22,2025-09-20,2025-09-24,Paid
INV_0630,EXP_023,Singapore,68714.23,2024-11-03,2025-01-02,2024-12-28,Paid
INV_0631,EXP_026,Germany,142890.42,2025-04-21,2025-06-05,2025-06-10,Paid
INV_0632,EXP_046,Germany,27649.45,2023-12-27,2024-01-26,2024-01-22,Paid
INV_0633,EXP_023,Singapore,144606.26,2026-01-22,2026-04-22,2026-04-19,Paid
INV_0634,EXP_035,UK,48860.12,2024-03-04,2024-04-18,2024-04-16,Paid
INV_0635,EXP_037,Singapore,108252.09,2025-08-30,2025-11-28,2025-12-01,Paid
INV_0636,EXP_013,Canada,96257.84,2023-04-06,2023-05-21,2023-05-18,Paid
INV_0637,EXP_001,Canada,14779.44,2025-08-10,2025-10-09,2025-10-11,Paid
INV_0638,EXP_009,Germany,103861.33,2025-12-28,2026-02-11,2026-02-18,Paid Late
INV_0639,EXP_015,UK,130661.78,2023-12-06,2024-03-05,2024-03-08,Paid
INV_0640,EXP_024,UK,20469.35,2024-03-08,2024-04-22,2024-04-17,Paid
INV_0641,EXP_035,UK,129113.54,2023-11-24,2024-02-22,2024-02-21,Paid
INV_0642,EXP_006,France,92453.22,2023-03-28,2023-05-12,2023-05-09,Paid
INV_0643,EXP_008,France,87803.83,2023-04-07,2023-05-22,2023-05-27,Paid
INV_0644,EXP_035,Singapore,45925.15,2025-12-14,2026-03-14,,Defaulted
INV_0645,EXP_020,UAE,113214.63,2025-03-08,2025-04-07,2025-04-04,Paid
INV_0646,EXP_009,France,140852.52,2024-10-23,2024-12-22,2024-12-24,Paid
INV_0647,EXP_021,UAE,81769.81,2026-02-01,2026-03-03,,Defaulted
INV_0648,EXP_010,Canada,105253.97,2024-03-29,2024-05-13,2024-05-10,Paid
INV_0649,EXP_012,USA,17030.83,2023-08-03,2023-10-02,2023-09-28,Paid
INV_0650,EXP_042,France,36464.58,2023-01-29,2023-04-29,2023-04-27,Paid
INV_0651,EXP_014,UK,111028.14,2025-10-28,2026-01-26,2026-01-28,Paid
INV_0652,EXP_019,UAE,6795.58,2024-06-15,2024-08-14,2024-08-11,Paid
INV_0653,EXP_040,Canada,119998.52,2025-11-02,2025-12-02,2025-12-04,Paid
INV_0654,EXP_008,USA,57416.98,2024-01-14,2024-04-13,2024-04-13,Paid
INV_0655,EXP_027,Germany,42635.88,2024-07-13,2024-08-12,2024-08-07,Paid
INV_0656,EXP_013,Germany,56178.83,2025-08-11,2025-11-09,2025-12-21,Paid Late
INV_0657,EXP_009,Canada,105182.08,2025-01-14,2025-02-28,2025-03-04,Paid
INV_0658,EXP_019,UK,146372.1,2024-04-24,2024-06-23,2024-08-13,Paid Late
INV_0659,EXP_048,UAE,28124.71,2023-02-23,2023-03-25,2023-03-20,Paid
INV_0660,EXP_037,Canada,24088.43,2023-03-30,2023-05-29,2023-06-05,Paid Late
INV_0661,EXP_013,USA,85190.18,2025-08-16,2025-11-14,2025-11-18,Paid
INV_0662,EXP_036,France,89689.95,2025-03-12,2025-06-10,2025-06-06,Paid
INV_0663,EXP_024,Singapore,55771.54,2025-10-01,2025-12-30,,Defaulted
INV_0664,EXP_023,France,51093.22,2023-03-21,2023-05-05,,Defaulted
INV_0665,EXP_022,UAE,24974.39,2023-09-14,2023-10-29,,Overdue
INV_0666,EXP_031,France,127157.73,2023-08-25,2023-10-09,2023-10-13,Paid
INV_0667,EXP_031,USA,147172.64,2025-01-02,2025-02-01,2025-02-02,Paid
INV_0668,EXP_044,USA,5082.87,2025-02-18,2025-05-19,2025-05-24,Paid
INV_0669,EXP_021,France,14056.27,2023-01-17,2023-02-16,2023-02-13,Paid
INV_0670,EXP_031,France,140299.44,2025-04-03,2025-05-03,2025-05-08,Paid
INV_0671,EXP_026,Singapore,91343.71,2023-05-03,2023-07-02,2023-07-01,Paid
INV_0672,EXP_037,USA,21332.0,2025-08-31,2025-10-15,2025-10-11,Paid
INV_0673,EXP_013,USA,81497.3,2024-05-05,2024-06-04,2024-06-05,Paid
INV_0674,EXP_041,USA,111256.47,2023-02-14,2023-03-16,,Overdue
INV_0675,EXP_003,UAE,69766.01,2023-03-14,2023-04-28,2023-04-28,Paid
INV_0676,EXP_037,Singapore,148972.45,2025-10-07,2025-12-06,2025-12-05,Paid
INV_0677,EXP_022,Germany,93996.25,2024-11-20,2025-01-19,2025-01-14,Paid
INV_0678,EXP_018,Germany,48705.8,2025-05-23,2025-06-22,2025-06-29,Paid Late
INV_0679,EXP_001,Germany,132693.39,2023-07-03,2023-09-01,2023-09-04,Paid
INV_0680,EXP_037,Singapore,37639.77,2024-04-18,2024-07-17,2024-07-14,Paid
INV_0681,EXP_036,Germany,36553.57,2025-01-09,2025-02-08,2025-02-25,Paid Late
INV_0682,EXP_047,France,136353.81,2024-10-04,2024-11-18,2024-11-22,Paid
INV_0683,EXP_013,UK,116605.06,2024-08-20,2024-10-04,2024-11-25,Paid Late
INV_0684,EXP_030,Singapore,135518.13,2023-03-09,2023-05-08,2023-05-30,Paid Late
INV_0685,EXP_012,Germany,121449.36,2025-03-07,2025-05-06,2025-05-11,Paid
INV_0686,EXP_019,Singapore,7766.29,2023-12-21,2024-01-20,,Defaulted
INV_0687,EXP_029,Germany,118103.08,2025-08-03,2025-10-02,2025-10-23,Paid Late
INV_0688,EXP_009,UK,76924.3,2023-07-23,2023-09-21,2023-11-08,Paid Late
INV_0689,EXP_030,UAE,126217.58,2023-02-23,2023-04-24,2023-04-25,Paid
INV_0690,EXP_049,Canada,16493.45,2025-12-14,2026-01-13,2026-02-08,Paid Late
INV_0691,EXP_001,France,31673.46,2023-03-10,2023-04-24,2023-06-19,Paid Late
INV_0692,EXP_015,UAE,133754.94,2024-05-29,2024-06-28,2024-06-23,Paid
INV_0693,EXP_045,UK,106391.75,2024-08-01,2024-09-30,2024-09-25,Paid
INV_0694,EXP_004,UK,100725.07,2024-10-01,2024-12-30,2025-02-18,Paid Late
INV_0695,EXP_042,Germany,137549.78,2024-11-18,2024-12-18,2024-12-16,Paid
INV_0696,EXP_037,Singapore,66254.4,2024-04-01,2024-05-31,2024-06-02,Paid
INV_0697,EXP_047,USA,145469.52,2023-04-06,2023-06-05,2023-06-10,Paid
INV_0698,EXP_048,Canada,23846.06,2023-09-30,2023-10-30,2023-11-04,Paid
INV_0699,EXP_004,USA,55343.56,2023-07-09,2023-08-08,2023-08-09,Paid
INV_0700,EXP_047,Germany,42257.43,2026-01-17,2026-02-16,2026-02-26,Paid Late
INV_0701,EXP_049,Singapore,50755.21,2025-07-17,2025-09-15,2025-09-20,Paid
INV_0702,EXP_045,Canada,57977.04,2025-12-26,2026-01-25,2026-03-16,Paid Late
INV_0703,EXP_031,UK,65639.01,2025-06-28,2025-07-28,2025-07-26,Paid
INV_0704,EXP_036,Germany,39609.33,2025-06-16,2025-08-15,2025-08-18,Paid
INV_0705,EXP_017,Canada,102303.64,2024-06-21,2024-08-05,2024-08-10,Paid
INV_0706,EXP_018,UK,80523.5,2024-08-24,2024-10-23,2024-10-26,Paid
INV_0707,EXP_003,Germany,121567.83,2024-02-22,2024-04-07,2024-04-04,Paid
INV_0708,EXP_035,France,111636.58,2025-10-04,2025-12-03,2026-01-17,Paid Late
INV_0709,EXP_019,UK,53873.26,2024-04-10,2024-05-25,2024-05-24,Paid
INV_0710,EXP_024,France,105615.77,2024-04-15,2024-06-14,2024-06-09,Paid
INV_0711,EXP_032,Canada,19554.82,2023-05-27,2023-07-26,2023-09-16,Paid Late
INV_0712,EXP_030,Canada,114264.46,2024-11-12,2024-12-12,2024-12-07,Paid
INV_0713,EXP_010,Singapore,116158.06,2023-05-26,2023-08-24,2023-09-30,Paid Late
INV_0714,EXP_029,Germany,84726.77,2024-09-01,2024-10-16,2024-10-21,Paid
INV_0715,EXP_022,UAE,104449.34,2023-12-20,2024-02-18,2024-04-12,Paid Late
INV_0716,EXP_015,UK,139192.26,2025-03-27,2025-05-26,2025-05-25,Paid
INV_0717,EXP_004,Germany,83742.33,2025-04-27,2025-05-27,2025-05-22,Paid
INV_0718,EXP_018,UAE,76672.52,2025-07-04,2025-08-18,2025-08-21,Paid
INV_0719,EXP_006,UAE,23695.95,2025-10-15,2025-12-14,2025-12-15,Paid
INV_0720,EXP_024,Germany,28319.62,2025-01-25,2025-03-11,2025-03-12,Paid
INV_0721,EXP_001,UK,104977.19,2025-07-18,2025-08-17,2025-08-16,Paid
INV_0722,EXP_022,USA,47052.81,2024-10-08,2025-01-06,,Overdue
INV_0723,EXP_017,France,82169.97,2024-02-29,2024-05-29,2024-06-03,Paid
INV_0724,EXP_018,UK,102323.3,2023-06-15,2023-09-13,2023-09-18,Paid
INV_0725,EXP_048,UK,71294.43,2024-08-30,2024-10-14,2024-10-10,Paid
INV_0726,EXP_034,UAE,17803.32,2024-05-13,2024-07-12,2024-07-14,Paid
INV_0727,EXP_004,UAE,87179.23,2024-01-17,2024-03-17,2024-03-20,Paid
INV_0728,EXP_049,Canada,77879.18,2023-12-23,2024-01-22,2024-01-21,Paid
INV_0729,EXP_023,France,69366.77,2023-08-23,2023-09-22,,Defaulted
INV_0730,EXP_044,UK,71162.74,2025-04-28,2025-06-12,2025-06-08,Paid
INV_0731,EXP_016,Canada,31785.97,2023-11-15,2023-12-15,2023-12-31,Paid Late
INV_0732,EXP_030,France,145513.62,2025-01-11,2025-02-10,2025-02-12,Paid
INV_0733,EXP_028,Germany,89666.95,2024-07-02,2024-08-01,2024-07-30,Paid
INV_0734,EXP_007,Singapore,44472.82,2024-02-25,2024-05-25,2024-05-29,Paid
INV_0735,EXP_031,Singapore,63495.26,2023-12-05,2024-01-04,2023-12-30,Paid
INV_0736,EXP_023,Germany,58394.68,2024-09-10,2024-10-25,2024-10-20,Paid
INV_0737,EXP_014,Germany,120020.8,2024-05-23,2024-08-21,2024-09-17,Paid Late
INV_0738,EXP_042,USA,45331.51,2024-12-18,2025-02-01,2025-01-31,Paid
INV_0739,EXP_035,UAE,29891.38,2023-01-21,2023-02-20,,Overdue
INV_0740,EXP_047,USA,136011.51,2024-11-08,2024-12-23,2024-12-24,Paid
INV_0741,EXP_027,UK,100729.84,2024-05-19,2024-06-18,2024-07-18,Paid Late
INV_0742,EXP_046,Germany,68306.86,2023-07-27,2023-10-25,2023-10-20,Paid
INV_0743,EXP_030,France,11147.85,2025-03-04,2025-04-18,2025-06-01,Paid Late
INV_0744,EXP_028,Singapore,38057.75,2025-02-21,2025-03-23,2025-05-17,Paid Late
INV_0745,EXP_024,France,15819.76,2024-12-13,2025-02-11,2025-02-14,Paid
INV_0746,EXP_010,Canada,55244.13,2026-02-06,2026-04-07,2026-04-03,Paid
INV_0747,EXP_043,Germany,130485.14,2024-12-13,2025-01-27,2025-01-29,Paid
INV_0748,EXP_026,Singapore,119009.64,2024-07-12,2024-09-10,2024-09-05,Paid
INV_0749,EXP_012,UAE,102588.42,2023-09-07,2023-10-22,2023-10-21,Paid
INV_0750,EXP_031,Canada,127155.39,2023-11-02,2024-01-01,2023-12-28,Paid
INV_0751,EXP_017,France,115979.14,2025-08-06,2025-09-05,2025-09-06,Paid
INV_0752,EXP_017,UAE,111534.06,2025-03-15,2025-04-14,2025-05-07,Paid Late
INV_0753,EXP_030,UAE,136912.07,2024-07-30,2024-09-28,,Defaulted
INV_0754,EXP_041,Singapore,6244.69,2023-08-01,2023-08-31,2023-09-04,Paid
INV_0755,EXP_049,Canada,18128.52,2023-07-17,2023-10-15,2023-10-12,Paid
INV_0756,EXP_050,Canada,40786.59,2025-01-04,2025-03-05,2025-03-09,Paid
INV_0757,EXP_009,France,103559.09,2024-06-17,2024-07-17,2024-08-28,Paid Late
INV_0758,EXP_050,UK,143340.25,2024-04-13,2024-05-28,,Overdue
INV_0759,EXP_033,UAE,39302.88,2023-03-12,2023-05-11,2023-05-08,Paid
INV_0760,EXP_022,USA,143079.16,2025-04-27,2025-06-11,2025-06-12,Paid
INV_0761,EXP_036,France,59814.88,2023-06-03,2023-09-01,2023-09-05,Paid
INV_0762,EXP_012,UK,100933.55,2023-09-02,2023-10-02,2023-10-03,Paid
INV_0763,EXP_005,France,122910.6,2023-06-21,2023-07-21,2023-08-21,Paid Late
INV_0764,EXP_016,Canada,55902.05,2023-09-03,2023-10-18,2023-10-19,Paid
INV_0765,EXP_001,Singapore,21290.09,2025-12-24,2026-01-23,,Overdue
INV_0766,EXP_046,France,23531.42,2023-09-26,2023-10-26,2023-11-19,Paid Late
INV_0767,EXP_033,USA,146008.35,2023-04-18,2023-05-18,2023-05-15,Paid
INV_0768,EXP_004,Canada,109470.04,2025-05-10,2025-06-24,2025-06-22,Paid
INV_0769,EXP_042,UAE,98412.26,2024-11-23,2025-02-21,2025-02-16,Paid
INV_0770,EXP_031,Singapore,122291.56,2023-04-26,2023-06-25,2023-06-20,Paid
INV_0771,EXP_028,France,143458.5,2024-02-01,2024-05-01,2024-05-02,Paid
INV_0772,EXP_026,Germany,148347.47,2024-07-17,2024-08-31,2024-08-28,Paid
INV_0773,EXP_039,UK,29020.58,2025-01-20,2025-03-06,2025-03-10,Paid
INV_0774,EXP_025,Germany,99539.3,2023-01-17,2023-04-17,2023-04-12,Paid
INV_0775,EXP_008,Canada,93913.13,2024-07-25,2024-09-23,2024-09-27,Paid
INV_0776,EXP_038,Singapore,84070.53,2025-07-01,2025-08-15,2025-09-28,Paid Late
INV_0777,EXP_022,UAE,61775.95,2025-02-22,2025-04-08,2025-04-08,Paid
INV_0778,EXP_042,France,30087.63,2023-12-21,2024-03-20,,Defaulted
INV_0779,EXP_015,France,14138.66,2025-08-07,2025-09-21,2025-09-20,Paid
INV_0780,EXP_033,USA,25968.56,2023-01-24,2023-03-25,2023-03-26,Paid
INV_0781,EXP_027,Canada,31164.1,2023-04-01,2023-05-01,2023-04-26,Paid
INV_0782,EXP_038,UAE,81608.44,2024-02-13,2024-03-14,2024-03-09,Paid
INV_0783,EXP_014,USA,105184.75,2024-11-29,2025-02-27,2025-02-23,Paid
INV_0784,EXP_036,UK,108941.08,2025-10-31,2025-11-30,2026-01-01,Paid Late
INV_0785,EXP_008,France,124314.53,2024-07-30,2024-09-13,2024-09-09,Paid
INV_0786,EXP_004,USA,135110.42,2024-07-22,2024-08-21,2024-09-29,Paid Late
INV_0787,EXP_049,Canada,56488.89,2025-04-15,2025-05-15,2025-05-18,Paid
INV_0788,EXP_036,Singapore,140509.35,2025-02-26,2025-04-27,2025-04-24,Paid
INV_0789,EXP_007,UAE,139181.84,2025-10-15,2025-12-14,2025-12-11,Paid
INV_0790,EXP_022,UK,15474.6,2025-05-15,2025-07-14,2025-07-16,Paid
INV_0791,EXP_048,USA,55882.36,2025-02-05,2025-05-06,2025-05-11,Paid
INV_0792,EXP_015,USA,120492.74,2023-10-04,2023-11-03,,Defaulted
INV_0793,EXP_016,Germany,62991.2,2023-10-07,2024-01-05,2024-01-15,Paid Late
INV_0794,EXP_021,Germany,32371.15,2023-06-08,2023-09-06,2023-09-10,Paid
INV_0795,EXP_020,UK,144635.64,2025-06-18,2025-08-17,2025-08-22,Paid
INV_0796,EXP_001,USA,77506.09,2024-06-08,2024-07-23,2024-07-18,Paid
INV_0797,EXP_049,Singapore,144412.75,2025-12-29,2026-02-12,2026-02-09,Paid
INV_0798,EXP_008,Singapore,101947.55,2023-07-03,2023-08-02,2023-08-02,Paid
INV_0799,EXP_025,Singapore,141667.28,2023-11-01,2023-12-31,2024-02-19,Paid Late
INV_0800,EXP_042,USA,35922.7,2024-04-21,2024-06-05,2024-06-24,Paid Late
INV_0801,EXP_001,France,111987.33,2024-11-29,2025-02-27,2025-04-23,Paid Late
INV_0802,EXP_036,Canada,52591.6,2024-10-28,2024-12-12,,Overdue
INV_0803,EXP_036,Canada,22656.37,2025-05-20,2025-06-19,,Overdue
INV_0804,EXP_032,USA,102906.15,2025-02-05,2025-03-07,2025-03-07,Paid
INV_0805,EXP_046,UAE,58979.26,2023-02-08,2023-05-09,,Defaulted
INV_0806,EXP_005,Canada,88770.75,2025-12-04,2026-02-02,2026-01-29,Paid
INV_0807,EXP_048,USA,51116.43,2024-08-08,2024-09-07,2024-09-04,Paid
INV_0808,EXP_012,Germany,139298.72,2023-08-17,2023-10-16,2023-10-14,Paid
INV_0809,EXP_048,UK,115515.62,2025-09-05,2025-10-05,2025-10-06,Paid
INV_0810,EXP_041,Germany,28460.71,2024-08-18,2024-10-17,2024-10-15,Paid
INV_0811,EXP_008,Singapore,31586.17,2025-09-10,2025-10-25,2025-10-25,Paid
INV_0812,EXP_013,Germany,5914.85,2023-02-16,2023-04-02,2023-04-06,Paid
INV_0813,EXP_014,Germany,100850.92,2025-02-12,2025-04-13,2025-04-15,Paid
INV_0814,EXP_010,UAE,51221.38,2025-02-24,2025-05-25,2025-05-21,Paid
INV_0815,EXP_034,UAE,23090.52,2024-05-19,2024-07-03,,Overdue
INV_0816,EXP_046,Canada,33144.81,2024-07-27,2024-09-25,2024-09-23,Paid
INV_0817,EXP_047,UK,83109.54,2023-10-20,2024-01-18,,Defaulted
INV_0818,EXP_044,Germany,70261.26,2023-12-22,2024-02-20,,Defaulted
INV_0819,EXP_030,UAE,22159.76,2025-10-01,2025-12-30,2026-01-01,Paid
INV_0820,EXP_050,UK,77041.04,2024-12-01,2025-01-30,2025-01-31,Paid
INV_0821,EXP_026,France,26504.81,2025-04-08,2025-05-08,2025-05-10,Paid
INV_0822,EXP_036,UAE,111507.86,2024-10-26,2024-12-25,2024-12-25,Paid
INV_0823,EXP_010,France,134204.8,2025-04-24,2025-06-23,2025-06-26,Paid
INV_0824,EXP_010,Canada,117793.31,2023-11-24,2024-01-08,2024-01-04,Paid
INV_0825,EXP_039,Canada,80866.55,2023-01-24,2023-02-23,2023-02-26,Paid
INV_0826,EXP_048,Germany,69109.29,2024-11-18,2025-01-02,2025-01-26,Paid Late
INV_0827,EXP_001,UK,57123.81,2023-09-06,2023-11-05,2023-10-31,Paid
INV_0828,EXP_019,Canada,66279.82,2024-07-03,2024-09-01,2024-09-03,Paid
INV_0829,EXP_048,UK,147937.84,2025-03-30,2025-06-28,2025-07-03,Paid
INV_0830,EXP_047,Singapore,59340.3,2026-02-13,2026-03-30,2026-04-03,Paid
INV_0831,EXP_019,Germany,27463.91,2025-09-12,2025-10-27,2025-10-27,Paid
INV_0832,EXP_009,UK,123234.94,2024-01-07,2024-04-06,2024-04-10,Paid
INV_0833,EXP_039,UK,17913.8,2023-08-09,2023-09-08,,Overdue
INV_0834,EXP_010,France,43848.82,2024-12-31,2025-03-31,2025-03-26,Paid
INV_0835,EXP_028,Singapore,72862.38,2025-10-26,2025-11-25,2025-11-29,Paid
INV_0836,EXP_042,Canada,80309.26,2024-01-02,2024-03-02,2024-02-28,Paid
INV_0837,EXP_003,UK,30455.43,2023-01-25,2023-03-26,2023-03-25,Paid
INV_0838,EXP_005,Singapore,145163.61,2024-05-13,2024-08-11,2024-08-11,Paid
INV_0839,EXP_044,France,7062.55,2025-02-23,2025-04-09,2025-04-14,Paid
INV_0840,EXP_039,Germany,73408.89,2023-08-30,2023-10-29,2023-10-30,Paid
INV_0841,EXP_006,USA,62365.95,2023-01-27,2023-04-27,2023-05-01,Paid
INV_0842,EXP_046,Singapore,77569.78,2025-06-09,2025-08-08,2025-08-11,Paid
INV_0843,EXP_030,UK,115576.35,2024-01-31,2024-03-01,2024-02-28,Paid
INV_0844,EXP_027,Canada,115592.32,2023-05-04,2023-08-02,2023-08-03,Paid
INV_0845,EXP_044,Canada,20893.06,2024-02-02,2024-04-02,2024-04-07,Paid
INV_0846,EXP_024,UK,118094.37,2025-04-07,2025-07-06,2025-07-06,Paid
INV_0847,EXP_035,USA,61383.38,2025-10-07,2025-12-06,2025-12-03,Paid
INV_0848,EXP_029,Singapore,115485.82,2023-06-07,2023-07-07,2023-08-09,Paid Late
INV_0849,EXP_002,Singapore,44910.99,2023-12-15,2024-02-13,2024-02-17,Paid
INV_0850,EXP_048,Germany,121915.43,2025-11-24,2026-01-08,2026-01-04,Paid
INV_0851,EXP_026,Canada,69776.99,2025-08-18,2025-10-02,2025-11-30,Paid Late
INV_0852,EXP_004,USA,116550.33,2023-09-28,2023-11-12,2023-11-14,Paid
INV_0853,EXP_010,UAE,10092.22,2025-07-22,2025-08-21,2025-08-17,Paid
INV_0854,EXP_006,UAE,59690.04,2024-04-08,2024-05-23,2024-05-28,Paid
INV_0855,EXP_044,UAE,43226.78,2023-09-04,2023-11-03,,Defaulted
INV_0856,EXP_014,USA,98435.79,2025-12-10,2026-01-24,2026-01-22,Paid
INV_0857,EXP_042,UK,127145.11,2023-09-12,2023-10-12,2023-12-02,Paid Late
INV_0858,EXP_005,Singapore,31336.62,2025-04-07,2025-06-06,2025-07-31,Paid Late
INV_0859,EXP_043,USA,84733.9,2023-05-02,2023-07-01,2023-07-05,Paid
INV_0860,EXP_013,UK,75236.86,2025-10-20,2025-12-19,2025-12-20,Paid
INV_0861,EXP_022,UAE,147548.24,2025-11-04,2025-12-19,2025-12-27,Paid Late
INV_0862,EXP_040,UAE,141723.56,2025-09-20,2025-11-19,2025-11-16,Paid
INV_0863,EXP_022,Germany,132133.85,2024-07-01,2024-09-29,2024-09-28,Paid
INV_0864,EXP_005,France,121392.49,2025-06-03,2025-07-18,2025-07-18,Paid
INV_0865,EXP_043,Canada,94165.24,2025-03-17,2025-05-01,2025-05-05,Paid
INV_0866,EXP_007,UAE,50401.65,2023-08-26,2023-11-24,2023-11-21,Paid
INV_0867,EXP_008,Germany,91694.17,2024-06-26,2024-08-10,2024-09-21,Paid Late
INV_0868,EXP_038,USA,81132.72,2025-10-19,2025-11-18,2025-11-23,Paid
INV_0869,EXP_027,Germany,127753.66,2024-10-21,2024-11-20,2024-11-15,Paid
INV_0870,EXP_020,Germany,149734.21,2023-01-31,2023-04-01,2023-03-28,Paid
INV_0871,EXP_014,Singapore,135474.52,2023-05-12,2023-07-11,2023-08-25,Paid Late
INV_0872,EXP_006,UAE,6475.5,2025-06-01,2025-07-16,,Overdue
INV_0873,EXP_025,UK,59176.88,2025-12-19,2026-02-17,2026-02-14,Paid
INV_0874,EXP_032,UAE,149019.55,2023-07-25,2023-09-08,2023-09-05,Paid
INV_0875,EXP_021,France,81982.55,2024-11-02,2024-12-02,2024-12-05,Paid
INV_0876,EXP_019,UK,60324.71,2025-10-04,2026-01-02,2026-02-26,Paid Late
INV_0877,EXP_014,Singapore,10675.16,2025-08-12,2025-09-11,2025-10-15,Paid Late
INV_0878,EXP_041,UK,135391.32,2025-12-21,2026-01-20,2026-01-22,Paid
INV_0879,EXP_026,Germany,42591.52,2026-02-03,2026-05-04,2026-04-30,Paid
INV_0880,EXP_022,USA,28433.38,2024-05-22,2024-08-20,2024-09-29,Paid Late
INV_0881,EXP_010,UK,73055.48,2025-06-19,2025-09-17,2025-09-21,Paid
INV_0882,EXP_017,UAE,38054.73,2023-06-15,2023-07-15,,Defaulted
INV_0883,EXP_026,Canada,67277.97,2023-10-17,2024-01-15,2024-01-19,Paid
INV_0884,EXP_031,UK,95827.21,2024-06-30,2024-08-14,2024-08-09,Paid
INV_0885,EXP_030,France,89788.73,2024-08-08,2024-09-07,2024-09-09,Paid
INV_0886,EXP_024,UK,104244.88,2023-06-04,2023-09-02,,Defaulted
INV_0887,EXP_032,UAE,96135.33,2024-08-24,2024-09-23,2024-10-10,Paid Late
INV_0888,EXP_039,UK,146338.76,2025-04-26,2025-07-25,2025-07-26,Paid
INV_0889,EXP_046,Singapore,120598.27,2026-02-17,2026-04-18,2026-04-17,Paid
INV_0890,EXP_005,France,135411.62,2023-02-12,2023-03-29,2023-05-23,Paid Late
INV_0891,EXP_044,France,120886.27,2025-11-13,2026-01-12,2026-01-14,Paid
INV_0892,EXP_020,France,59225.53,2023-09-30,2023-11-14,2023-11-13,Paid
INV_0893,EXP_046,USA,40847.83,2024-04-08,2024-05-23,2024-05-20,Paid
INV_0894,EXP_004,Singapore,58245.72,2024-06-23,2024-09-21,2024-09-23,Paid
INV_0895,EXP_024,UK,125402.35,2025-03-31,2025-06-29,2025-06-30,Paid
INV_0896,EXP_007,USA,60765.83,2024-05-27,2024-07-26,2024-07-26,Paid
INV_0897,EXP_050,Singapore,59243.7,2023-10-19,2023-12-03,2023-12-25,Paid Late
INV_0898,EXP_034,Singapore,143699.96,2024-02-10,2024-05-10,2024-05-06,Paid
INV_0899,EXP_039,USA,111425.13,2025-09-11,2025-10-26,2025-10-23,Paid
INV_0900,EXP_041,Germany,44832.89,2026-01-19,2026-04-19,2026-04-16,Paid
INV_0901,EXP_049,Germany,92178.73,2024-08-05,2024-09-19,2024-09-22,Paid
INV_0902,EXP_022,USA,15353.48,2023-09-26,2023-11-10,2023-12-21,Paid Late
INV_0903,EXP_027,Germany,137505.59,2026-02-07,2026-03-09,2026-04-29,Paid Late
INV_0904,EXP_017,Singapore,144653.79,2025-07-08,2025-09-06,2025-09-04,Paid
INV_0905,EXP_026,France,127239.91,2023-04-05,2023-07-04,,Overdue
INV_0906,EXP_045,UK,92352.92,2023-11-22,2024-01-21,2024-02-10,Paid Late
INV_0907,EXP_036,Singapore,64963.3,2023-05-31,2023-07-30,2023-07-30,Paid
INV_0908,EXP_003,UK,99448.71,2023-08-30,2023-10-14,2023-12-09,Paid Late
INV_0909,EXP_023,UK,71251.25,2025-08-18,2025-10-02,2025-09-29,Paid
INV_0910,EXP_049,UAE,22328.2,2024-10-10,2024-11-24,2024-11-20,Paid
INV_0911,EXP_046,France,61972.49,2025-07-06,2025-08-20,2025-08-24,Paid
INV_0912,EXP_018,UK,142860.27,2026-01-08,2026-02-07,2026-02-12,Paid
INV_0913,EXP_014,USA,109737.53,2025-02-09,2025-03-11,2025-03-15,Paid
INV_0914,EXP_026,UAE,19572.24,2025-10-14,2025-12-13,2025-12-09,Paid
INV_0915,EXP_018,UAE,88989.91,2023-06-27,2023-08-26,2023-08-27,Paid
INV_0916,EXP_050,Canada,104596.27,2023-04-27,2023-06-11,2023-06-16,Paid
INV_0917,EXP_017,UAE,35339.9,2024-08-30,2024-10-29,,Overdue
INV_0918,EXP_034,Germany,41287.08,2025-12-24,2026-02-22,2026-03-15,Paid Late
INV_0919,EXP_049,USA,45029.29,2024-03-30,2024-05-14,2024-06-24,Paid Late
INV_0920,EXP_027,Canada,21194.91,2025-01-02,2025-02-16,2025-02-18,Paid
INV_0921,EXP_041,UAE,57582.53,2023-12-28,2024-03-27,2024-03-30,Paid
INV_0922,EXP_014,Singapore,109145.75,2024-11-01,2024-12-01,2024-12-06,Paid
INV_0923,EXP_015,UAE,83333.59,2025-08-21,2025-10-05,2025-10-03,Paid
INV_0924,EXP_031,Canada,42810.86,2024-03-06,2024-04-05,2024-04-05,Paid
INV_0925,EXP_021,USA,43711.98,2024-08-02,2024-10-01,2024-09-27,Paid
INV_0926,EXP_021,Germany,97955.95,2024-03-10,2024-04-09,2024-04-13,Paid
INV_0927,EXP_032,Singapore,115148.93,2023-06-24,2023-07-24,2023-09-17,Paid Late
INV_0928,EXP_003,Singapore,140575.8,2024-04-21,2024-05-21,2024-05-24,Paid
INV_0929,EXP_033,UK,60521.87,2023-07-11,2023-08-10,,Defaulted
INV_0930,EXP_039,USA,82232.12,2025-03-09,2025-06-07,2025-06-05,Paid
INV_0931,EXP_030,Canada,103346.81,2025-12-13,2026-03-13,2026-03-09,Paid
INV_0932,EXP_011,Germany,13733.13,2023-11-16,2023-12-16,2023-12-19,Paid
INV_0933,EXP_017,France,19795.75,2025-10-09,2025-11-08,2025-11-22,Paid Late
INV_0934,EXP_010,Germany,127313.9,2025-06-30,2025-07-30,2025-08-02,Paid
INV_0935,EXP_016,Singapore,99961.81,2023-05-11,2023-06-25,2023-06-23,Paid
INV_0936,EXP_030,USA,83360.55,2023-08-12,2023-11-10,2023-11-15,Paid
INV_0937,EXP_021,UAE,9165.64,2025-11-12,2025-12-27,2026-01-22,Paid Late
INV_0938,EXP_040,Germany,126112.98,2023-05-25,2023-06-24,2023-06-27,Paid
INV_0939,EXP_005,France,114044.78,2023-07-11,2023-08-10,2023-08-13,Paid
INV_0940,EXP_029,Canada,47794.14,2025-10-11,2025-11-25,2025-11-28,Paid
INV_0941,EXP_033,Canada,65958.32,2025-09-13,2025-10-28,2025-12-04,Paid Late
INV_0942,EXP_037,Singapore,23324.0,2024-09-11,2024-10-26,2024-10-27,Paid
INV_0943,EXP_029,Singapore,9553.76,2025-07-14,2025-09-12,2025-10-31,Paid Late
INV_0944,EXP_029,Germany,60941.24,2023-03-27,2023-05-11,,Defaulted
INV_0945,EXP_023,Germany,95285.39,2024-03-16,2024-04-30,2024-04-27,Paid
INV_0946,EXP_028,USA,84196.94,2024-12-26,2025-02-09,2025-02-09,Paid
INV_0947,EXP_012,USA,125046.53,2023-02-14,2023-03-31,2023-03-27,Paid
INV_0948,EXP_015,UAE,88584.26,2024-11-04,2024-12-19,2024-12-24,Paid
INV_0949,EXP_006,Canada,14761.72,2024-03-16,2024-04-30,2024-05-01,Paid
INV_0950,EXP_014,Canada,63341.49,2024-09-20,2024-10-20,2024-11-01,Paid Late
INV_0951,EXP_024,Germany,139629.66,2023-03-18,2023-05-02,2023-05-03,Paid
INV_0952,EXP_020,UK,59412.36,2025-09-13,2025-12-12,2025-12-07,Paid
INV_0953,EXP_028,UAE,145867.94,2024-11-09,2024-12-24,2024-12-21,Paid
INV_0954,EXP_019,USA,67779.25,2024-08-21,2024-10-20,2024-10-24,Paid
INV_0955,EXP_022,Germany,66991.91,2025-11-22,2026-01-21,2026-02-19,Paid Late
INV_0956,EXP_011,Singapore,123895.47,2024-06-27,2024-08-11,2024-08-10,Paid
INV_0957,EXP_002,France,97153.43,2024-11-08,2024-12-08,2024-12-13,Paid
INV_0958,EXP_023,France,52858.04,2023-08-15,2023-11-13,2023-11-14,Paid
INV_0959,EXP_048,Canada,116007.16,2024-02-20,2024-03-21,2024-03-16,Paid
INV_0960,EXP_027,Canada,71887.86,2023-07-02,2023-08-31,,Defaulted
INV_0961,EXP_028,UAE,14445.17,2023-10-24,2024-01-22,2024-01-22,Paid
INV_0962,EXP_037,Singapore,94959.91,2024-09-10,2024-10-25,,Overdue
INV_0963,EXP_025,USA,49188.17,2025-09-05,2025-11-04,2025-10-31,Paid
INV_0964,EXP_018,Singapore,130182.7,2023-03-10,2023-04-24,2023-04-19,Paid
INV_0965,EXP_016,USA,89679.39,2024-05-01,2024-06-15,2024-06-17,Paid
INV_0966,EXP_009,USA,91002.33,2025-10-20,2025-11-19,2025-11-23,Paid
INV_0967,EXP_038,UK,115208.58,2025-05-15,2025-07-14,,Overdue
INV_0968,EXP_035,Singapore,83626.66,2024-08-18,2024-10-17,2024-10-13,Paid
INV_0969,EXP_033,Germany,29130.66,2024-04-22,2024-07-21,2024-09-16,Paid Late
INV_0970,EXP_004,Canada,36490.05,2023-02-05,2023-04-06,2023-04-25,Paid Late
INV_0971,EXP_008,USA,100562.56,2025-12-30,2026-01-29,2026-01-27,Paid
INV_0972,EXP_027,UK,61733.95,2023-07-17,2023-08-16,2023-08-11,Paid
INV_0973,EXP_008,USA,17466.54,2025-03-29,2025-04-28,2025-04-26,Paid
INV_0974,EXP_029,Singapore,89507.04,2024-09-22,2024-10-22,2024-10-25,Paid
INV_0975,EXP_011,Germany,27201.37,2025-01-07,2025-04-07,2025-04-10,Paid
INV_0976,EXP_025,UK,44127.53,2025-02-17,2025-04-18,2025-05-23,Paid Late
INV_0977,EXP_048,France,85514.12,2023-10-31,2024-01-29,2024-03-19,Paid Late
INV_0978,EXP_021,Germany,96534.73,2023-09-23,2023-12-22,2023-12-23,Paid
INV_0979,EXP_006,Canada,63031.29,2024-12-07,2025-03-07,2025-04-24,Paid Late
INV_0980,EXP_017,USA,61268.94,2023-12-20,2024-01-19,2024-01-14,Paid
INV_0981,EXP_002,USA,146931.68,2026-02-05,2026-03-07,2026-03-02,Paid
INV_0982,EXP_021,Germany,12143.76,2023-01-20,2023-02-19,2023-02-22,Paid
INV_0983,EXP_031,Canada,29605.17,2023-02-24,2023-05-25,2023-05-22,Paid
INV_0984,EXP_046,Germany,140818.94,2024-11-20,2025-01-04,2025-01-06,Paid
INV_0985,EXP_034,France,96857.54,2026-01-11,2026-04-11,2026-04-12,Paid
INV_0986,EXP_001,UAE,82189.0,2023-10-24,2024-01-22,,Overdue
INV_0987,EXP_011,France,84194.17,2024-10-29,2024-11-28,2024-12-06,Paid Late
INV_0988,EXP_022,UK,95307.53,2023-08-12,2023-11-10,2023-11-14,Paid
INV_0989,EXP_017,UAE,37977.3,2024-08-30,2024-10-29,2024-11-01,Paid
INV_0990,EXP_041,UK,12644.15,2023-07-02,2023-08-16,2023-08-20,Paid
INV_0991,EXP_027,UK,114710.72,2023-06-28,2023-08-27,2023-08-27,Paid
INV_0992,EXP_005,USA,22177.47,2023-10-17,2024-01-15,2024-01-20,Paid
INV_0993,EXP_018,USA,139788.05,2024-05-23,2024-07-07,2024-07-11,Paid
INV_0994,EXP_005,Germany,6794.4,2023-07-24,2023-09-22,,Overdue
INV_0995,EXP_013,France,122269.73,2024-02-24,2024-05-24,2024-05-26,Paid
INV_0996,EXP_004,Canada,52568.83,2024-05-17,2024-07-01,2024-06-27,Paid
INV_0997,EXP_013,UAE,135812.18,2025-06-22,2025-08-06,,Overdue
INV_0998,EXP_015,UK,35196.05,2024-04-07,2024-07-06,2024-07-07,Paid
INV_0999,EXP_007,UK,8367.15,2025-04-20,2025-07-19,2025-07-28,Paid Late
INV_1000,EXP_032,USA,109898.86,2023-08-09,2023-10-08,2023-10-06,Paid
